season,week,game_id,kickoff,kickoff_mt,team,team_side,player_rank,player_id,player_name,jersey_number,games_sampled,projected_passing_yards,projected_passing_tds,projected_rushing_tds,projected_passing_attempts,projected_interceptions,projected_completions,projected_rushing_yards
2026,2,2026_02_DET_BUF,2026-09-17 23:00:00+00:00,2026-09-17 17:00 MDT,BUF,home,1,00-0034857,J.Allen,17.0,123,242.0,1.79,0.59,33.23,0.72,21.11,39.1
2026,2,2026_02_DET_BUF,2026-09-17 23:00:00+00:00,2026-09-17 17:00 MDT,DET,away,1,00-0033106,J.Goff,16.0,69,261.4,1.74,0.03,34.43,0.61,23.35,3.6
2026,2,2026_02_CAR_ATL,2026-09-20 23:00:00+00:00,2026-09-20 17:00 MDT,ATL,home,1,00-0039917,M.Penix,9.0,5,155.0,0.6,0.2,21.0,0.6,12.2,2.2
2026,2,2026_02_CAR_ATL,2026-09-20 23:00:00+00:00,2026-09-20 17:00 MDT,CAR,away,1,00-0039150,B.Young,9.0,30,176.0,0.87,0.2,30.37,0.63,18.3,16.7
2026,2,2026_02_NO_BAL,2026-09-20 23:00:00+00:00,2026-09-20 17:00 MDT,BAL,home,1,00-0034796,L.Jackson,8.0,111,196.5,1.59,0.32,25.47,0.5,16.43,61.4
2026,2,2026_02_NO_BAL,2026-09-20 23:00:00+00:00,2026-09-20 17:00 MDT,NO,away,1,00-0039376,S.Rattler,2.0,7,188.1,0.57,0.0,32.57,0.71,18.57,20.9
2026,2,2026_02_MIN_CHI,2026-09-21 00:00:00+00:00,2026-09-20 18:00 MDT,CHI,home,1,00-0039918,C.Williams,18.0,17,208.3,1.18,0.0,33.06,0.35,20.65,28.8
2026,2,2026_02_MIN_CHI,2026-09-21 00:00:00+00:00,2026-09-20 18:00 MDT,CHI,home,2,00-0038416,T.Bagent,17.0,9,96.7,0.33,0.22,16.11,0.67,10.67,11.3
2026,2,2026_02_CIN_HOU,2026-09-21 00:00:00+00:00,2026-09-20 18:00 MDT,HOU,home,1,00-0039163,C.Stroud,7.0,36,244.8,1.31,0.08,31.83,0.5,20.31,13.4
2026,2,2026_02_CIN_HOU,2026-09-21 00:00:00+00:00,2026-09-20 18:00 MDT,HOU,home,2,00-0036898,D.Mills,10.0,38,162.4,0.92,0.05,24.97,0.66,15.63,4.4
2026,2,2026_02_CIN_HOU,2026-09-21 00:00:00+00:00,2026-09-20 18:00 MDT,CIN,away,1,00-0036442,J.Burrow,9.0,76,274.0,1.96,0.17,36.82,0.66,25.22,11.9
2026,2,2026_02_PIT_NE,2026-09-20 23:00:00+00:00,2026-09-20 17:00 MDT,NE,home,1,00-0039851,D.Maye,10.0,13,175.1,1.15,0.15,26.0,0.77,17.31,32.4
2026,2,2026_02_GB_NYJ,2026-09-20 23:00:00+00:00,2026-09-20 17:00 MDT,GB,away,1,00-0036264,J.Love,10.0,45,196.3,1.44,0.11,26.11,0.67,16.6,8.2
2026,2,2026_02_CLE_TB,2026-09-20 23:00:00+00:00,2026-09-20 17:00 MDT,TB,home,1,00-0034855,B.Mayfield,6.0,37,254.5,2.08,0.11,33.27,0.76,22.54,16.1
2026,2,2026_02_CLE_TB,2026-09-20 23:00:00+00:00,2026-09-20 17:00 MDT,CLE,away,1,00-0033537,D.Watson,4.0,19,177.1,1.0,0.16,29.32,0.63,17.95,24.5
2026,2,2026_02_PHI_TEN,2026-09-21 00:00:00+00:00,2026-09-20 18:00 MDT,PHI,away,1,00-0036389,J.Hurts,1.0,85,193.9,1.12,0.76,25.82,0.49,16.69,41.3
2026,2,2026_02_PHI_TEN,2026-09-21 00:00:00+00:00,2026-09-20 18:00 MDT,PHI,away,2,00-0038400,T.McKee,16.0,2,161.5,2.0,0.0,22.5,0.0,15.0,-0.5
2026,2,2026_02_JAX_DEN,2026-09-21 01:00:00+00:00,2026-09-20 19:00 MDT,DEN,home,1,00-0039732,B.Nix,10.0,18,217.7,1.67,0.22,32.72,0.67,21.61,26.3
2026,2,2026_02_JAX_DEN,2026-09-21 01:00:00+00:00,2026-09-20 19:00 MDT,DEN,home,2,00-0035264,J.Stidham,8.0,4,124.0,0.5,0.0,16.5,0.25,10.0,3.2
2026,2,2026_02_JAX_DEN,2026-09-21 01:00:00+00:00,2026-09-20 19:00 MDT,JAX,away,1,00-0036971,T.Lawrence,16.0,62,231.0,1.19,0.23,34.19,0.82,21.61,18.0
2026,2,2026_02_LV_LAC,2026-09-21 02:00:00+00:00,2026-09-20 20:00 MDT,LAC,home,1,00-0036355,J.Herbert,10.0,81,266.8,1.72,0.16,37.05,0.6,24.49,15.2
2026,2,2026_02_LV_LAC,2026-09-21 02:00:00+00:00,2026-09-20 20:00 MDT,LV,away,1,00-0038579,A.O'Connell,12.0,20,191.5,1.0,0.1,29.3,0.55,18.35,2.0
2026,2,2026_02_WAS_DAL,2026-09-21 00:00:00+00:00,2026-09-20 18:00 MDT,DAL,home,1,00-0033077,D.Prescott,4.0,129,258.9,1.76,0.26,34.38,0.69,22.93,16.3
2026,2,2026_02_WAS_DAL,2026-09-21 00:00:00+00:00,2026-09-20 18:00 MDT,WAS,away,1,00-0039910,J.Daniels,5.0,20,219.5,1.5,0.35,29.7,0.5,20.3,51.3
2026,2,2026_02_WAS_DAL,2026-09-21 00:00:00+00:00,2026-09-20 18:00 MDT,WAS,away,2,00-0032268,M.Mariota,8.0,5,72.8,0.8,0.2,8.8,0.0,6.8,18.6
2026,2,2026_02_MIA_SF,2026-09-21 02:00:00+00:00,2026-09-20 20:00 MDT,SF,home,1,00-0037834,B.Purdy,13.0,46,236.1,1.52,0.2,26.96,0.61,18.02,12.6
2026,2,2026_02_IND_KC,2026-09-21 00:00:00+00:00,2026-09-20 18:00 MDT,KC,home,1,00-0033873,P.Mahomes,15.0,133,287.0,2.19,0.16,37.04,0.63,24.73,21.4
2026,2,2026_02_IND_KC,2026-09-21 00:00:00+00:00,2026-09-20 18:00 MDT,IND,away,1,00-0039164,A.Richardson,5.0,15,159.4,0.73,0.67,23.2,0.87,11.73,42.3
2026,2,2026_02_NYG_LA,2026-09-22 00:15:00+00:00,2026-09-21 18:15 MDT,LA,home,1,00-0026498,M.Stafford,9.0,64,262.3,1.72,0.05,34.2,0.73,22.56,3.2
