season,week,game_id,kickoff,kickoff_mt,team,team_side,player_rank,player_id,player_name,jersey_number,games_sampled,projected_sacks,projected_qb_hits,projected_tfl,projected_blocked_punts,projected_loss_yards,penalties_per_game,penalty_count,penalty_yards
2026,2,2026_02_DET_BUF,2026-09-17 23:00:00+00:00,2026-09-17 17:00 MDT,BUF,home,1,00-0040724,T.Sanders,98.0,1,1.0,1.0,1.0,0.0,14.0,1.0,1,3.0
2026,2,2026_02_DET_BUF,2026-09-17 23:00:00+00:00,2026-09-17 17:00 MDT,BUF,home,2,00-0035933,M.Hoecht,55.0,2,1.0,1.0,0.5,0.0,7.25,1.0,1,15.0
2026,2,2026_02_DET_BUF,2026-09-17 23:00:00+00:00,2026-09-17 17:00 MDT,BUF,home,3,00-0036914,G.Rousseau,15.0,59,0.54,1.51,0.9,0.0,7.31,1.0,3,25.0
2026,2,2026_02_DET_BUF,2026-09-17 23:00:00+00:00,2026-09-17 17:00 MDT,BUF,home,4,00-0035230,E.Oliver,91.0,63,0.48,1.21,0.89,0.0,7.85,1.118,19,162.0
2026,2,2026_02_DET_BUF,2026-09-17 23:00:00+00:00,2026-09-17 17:00 MDT,BUF,home,5,00-0039879,J.Solomon,56.0,8,0.38,1.0,0.5,0.0,8.25,1.0,3,27.0
2026,2,2026_02_DET_BUF,2026-09-17 23:00:00+00:00,2026-09-17 17:00 MDT,BUF,home,6,00-0037254,T.Bernard,8.0,21,0.36,0.67,1.05,0.0,5.57,1.25,5,41.0
2026,2,2026_02_DET_BUF,2026-09-17 23:00:00+00:00,2026-09-17 17:00 MDT,BUF,home,7,00-0039872,C.Bishop,24.0,6,0.33,0.33,0.83,0.0,5.0,1.0,5,50.0
2026,2,2026_02_DET_BUF,2026-09-17 23:00:00+00:00,2026-09-17 17:00 MDT,BUF,home,8,00-0037288,C.Benford,47.0,11,0.27,0.27,1.0,0.0,6.64,1.182,13,94.0
2026,2,2026_02_DET_BUF,2026-09-17 23:00:00+00:00,2026-09-17 17:00 MDT,BUF,home,9,00-0040710,D.Walker,96.0,7,0.14,0.57,1.14,0.0,2.0,1.0,1,15.0
2026,2,2026_02_DET_BUF,2026-09-17 23:00:00+00:00,2026-09-17 17:00 MDT,BUF,home,10,00-0039763,J.Andreessen,44.0,4,0.0,0.75,0.75,0.0,0.75,1.0,2,20.0
2026,2,2026_02_DET_BUF,2026-09-17 23:00:00+00:00,2026-09-17 17:00 MDT,DET,away,1,00-0037236,A.Hutchinson,97.0,45,0.96,2.22,0.98,0.0,13.48,1.0,9,80.0
2026,2,2026_02_DET_BUF,2026-09-17 23:00:00+00:00,2026-09-17 17:00 MDT,DET,away,2,00-0038940,T.Lacy,93.0,2,0.5,1.0,0.0,0.0,0.0,1.0,1,5.0
2026,2,2026_02_DET_BUF,2026-09-17 23:00:00+00:00,2026-09-17 17:00 MDT,DET,away,3,00-0036624,A.McNeill,54.0,28,0.45,1.07,0.86,0.0,8.25,1.5,3,21.0
2026,2,2026_02_DET_BUF,2026-09-17 23:00:00+00:00,2026-09-17 17:00 MDT,DET,away,4,00-0038660,T.Nowaske,53.0,7,0.43,0.86,0.57,0.0,3.57,1.0,2,15.0
2026,2,2026_02_DET_BUF,2026-09-17 23:00:00+00:00,2026-09-17 17:00 MDT,DET,away,5,00-0039018,J.Campbell,46.0,23,0.37,0.57,0.83,0.0,6.11,1.0,7,54.0
2026,2,2026_02_DET_BUF,2026-09-17 23:00:00+00:00,2026-09-17 17:00 MDT,DET,away,6,00-0036964,D.Barnes,55.0,24,0.33,0.54,0.75,0.0,4.33,1.0,1,5.0
2026,2,2026_02_DET_BUF,2026-09-17 23:00:00+00:00,2026-09-17 17:00 MDT,DET,away,7,00-0037289,M.Rodriguez,44.0,11,0.27,0.45,1.0,0.0,4.18,0.0,0,0.0
2026,2,2026_02_DET_BUF,2026-09-17 23:00:00+00:00,2026-09-17 17:00 MDT,DET,away,8,00-0040672,T.Williams,91.0,5,0.2,0.6,0.4,0.0,0.2,0.0,0,0.0
2026,2,2026_02_DET_BUF,2026-09-17 23:00:00+00:00,2026-09-17 17:00 MDT,DET,away,9,00-0035637,R.Ya-Sin,23.0,1,0.0,2.0,0.0,0.0,0.0,1.167,7,84.0
2026,2,2026_02_DET_BUF,2026-09-17 23:00:00+00:00,2026-09-17 17:00 MDT,DET,away,10,00-0034377,A.Maddox,29.0,1,0.0,0.0,1.0,0.0,2.0,1.0,1,1.0
2026,2,2026_02_CAR_ATL,2026-09-20 23:00:00+00:00,2026-09-20 17:00 MDT,ATL,home,1,00-0039859,B.Dorlus,54.0,11,0.77,1.0,1.0,0.0,7.59,0.0,0,0.0
2026,2,2026_02_CAR_ATL,2026-09-20 23:00:00+00:00,2026-09-20 17:00 MDT,ATL,home,2,00-0040156,B.Bowman,33.0,2,0.75,1.0,0.5,0.0,10.0,1.0,1,5.0
2026,2,2026_02_CAR_ATL,2026-09-20 23:00:00+00:00,2026-09-20 17:00 MDT,ATL,home,3,00-0036204,L.London,94.0,8,0.62,0.5,1.12,0.0,6.88,1.0,2,21.0
2026,2,2026_02_CAR_ATL,2026-09-20 23:00:00+00:00,2026-09-20 17:00 MDT,ATL,home,4,00-0036990,D.Deablo,0.0,5,0.2,0.4,1.0,0.0,2.4,1.0,1,4.0
2026,2,2026_02_CAR_ATL,2026-09-20 23:00:00+00:00,2026-09-20 17:00 MDT,ATL,home,5,00-0034675,J.Bates,3.0,8,0.12,0.5,0.75,0.0,2.0,1.0,3,27.0
2026,2,2026_02_CAR_ATL,2026-09-20 23:00:00+00:00,2026-09-20 17:00 MDT,ATL,home,6,00-0036285,A.Terrell,24.0,14,0.07,0.14,1.0,0.0,2.14,1.16,29,364.0
2026,2,2026_02_CAR_ATL,2026-09-20 23:00:00+00:00,2026-09-20 17:00 MDT,ATL,home,7,00-0034843,M.Hughes,21.0,6,0.0,0.0,1.33,0.0,2.0,1.0,3,73.0
2026,2,2026_02_CAR_ATL,2026-09-20 23:00:00+00:00,2026-09-20 17:00 MDT,CAR,away,1,00-0036305,T.Gipson,52.0,1,1.0,1.0,1.0,0.0,8.0,0.0,0,0.0
2026,2,2026_02_CAR_ATL,2026-09-20 23:00:00+00:00,2026-09-20 17:00 MDT,CAR,away,2,00-0037007,P.Jones,91.0,2,0.5,1.0,1.0,0.0,8.5,0.0,0,0.0
2026,2,2026_02_CAR_ATL,2026-09-20 23:00:00+00:00,2026-09-20 17:00 MDT,CAR,away,3,00-0040159,L.Ransom,22.0,2,0.5,0.5,1.0,0.0,10.0,1.0,2,22.0
2026,2,2026_02_CAR_ATL,2026-09-20 23:00:00+00:00,2026-09-20 17:00 MDT,CAR,away,4,00-0040136,P.Umanmielen,3.0,4,0.38,1.0,0.5,0.0,6.38,0.0,0,0.0
2026,2,2026_02_CAR_ATL,2026-09-20 23:00:00+00:00,2026-09-20 17:00 MDT,CAR,away,5,00-0036962,T.Moehrig,7.0,10,0.3,0.7,1.4,0.0,7.5,1.0,1,5.0
2026,2,2026_02_CAR_ATL,2026-09-20 23:00:00+00:00,2026-09-20 17:00 MDT,CAR,away,6,00-0036220,D.Brown,95.0,54,0.24,1.09,0.61,0.0,4.3,1.158,22,158.0
2026,2,2026_02_CAR_ATL,2026-09-20 23:00:00+00:00,2026-09-20 17:00 MDT,CAR,away,7,00-0036944,J.Horn,8.0,10,0.2,0.3,0.9,0.0,7.8,1.176,20,147.0
2026,2,2026_02_CAR_ATL,2026-09-20 23:00:00+00:00,2026-09-20 17:00 MDT,CAR,away,8,00-0036903,B.Brown,97.0,4,0.12,0.25,0.75,0.0,3.0,1.0,2,10.0
2026,2,2026_02_CAR_ATL,2026-09-20 23:00:00+00:00,2026-09-20 17:00 MDT,CAR,away,9,00-0035277,M.Jackson,2.0,6,0.0,0.0,1.17,0.0,2.5,1.167,7,147.0
2026,2,2026_02_CAR_ATL,2026-09-20 23:00:00+00:00,2026-09-20 17:00 MDT,CAR,away,10,00-0039380,C.Smith-Wade,26.0,2,0.0,0.0,1.0,0.0,3.0,1.25,5,41.0
2026,2,2026_02_NO_BAL,2026-09-20 23:00:00+00:00,2026-09-20 17:00 MDT,BAL,home,1,00-0040636,K.Martin,38.0,1,1.0,1.0,1.0,0.0,28.0,2.0,4,29.0
2026,2,2026_02_NO_BAL,2026-09-20 23:00:00+00:00,2026-09-20 17:00 MDT,BAL,home,2,00-0039792,D.Walker,81.0,1,1.0,1.0,0.0,0.0,0.0,1.0,2,15.0
2026,2,2026_02_NO_BAL,2026-09-20 23:00:00+00:00,2026-09-20 17:00 MDT,BAL,home,3,00-0036130,J.Madubuike,92.0,52,0.58,1.33,0.81,0.0,6.57,1.231,16,168.0
2026,2,2026_02_NO_BAL,2026-09-20 23:00:00+00:00,2026-09-20 17:00 MDT,BAL,home,4,00-0038505,T.Robinson,95.0,17,0.53,1.35,0.53,0.0,7.24,1.0,2,30.0
2026,2,2026_02_NO_BAL,2026-09-20 23:00:00+00:00,2026-09-20 17:00 MDT,BAL,home,5,00-0038504,T.Simpson,32.0,12,0.42,0.92,0.92,0.0,6.46,1.25,5,27.0
2026,2,2026_02_NO_BAL,2026-09-20 23:00:00+00:00,2026-09-20 17:00 MDT,BAL,home,6,00-0037756,T.Jones,98.0,24,0.35,0.83,0.75,0.0,4.29,1.25,5,47.0
2026,2,2026_02_NO_BAL,2026-09-20 23:00:00+00:00,2026-09-20 17:00 MDT,BAL,home,7,00-0030070,J.Jenkins,94.0,3,0.33,0.33,1.0,0.0,6.67,0.0,0,0.0
2026,2,2026_02_NO_BAL,2026-09-20 23:00:00+00:00,2026-09-20 17:00 MDT,BAL,home,8,00-0038038,K.Hamilton,14.0,28,0.29,0.68,0.89,0.0,6.96,1.0,13,102.0
2026,2,2026_02_NO_BAL,2026-09-20 23:00:00+00:00,2026-09-20 17:00 MDT,BAL,home,9,00-0040722,M.Green,15.0,13,0.27,1.08,0.54,0.0,3.92,0.0,0,0.0
2026,2,2026_02_NO_BAL,2026-09-20 23:00:00+00:00,2026-09-20 17:00 MDT,BAL,home,10,00-0034874,R.Smith,0.0,21,0.24,0.62,1.0,0.0,3.43,1.25,5,52.0
2026,2,2026_02_NO_BAL,2026-09-20 23:00:00+00:00,2026-09-20 17:00 MDT,NO,away,1,00-0027962,C.Jordan,94.0,168,0.79,1.48,1.04,0.0,10.62,1.057,37,322.0
2026,2,2026_02_NO_BAL,2026-09-20 23:00:00+00:00,2026-09-20 17:00 MDT,NO,away,2,00-0036321,C.Young,99.0,21,0.74,1.71,0.9,0.0,11.07,1.0,5,25.0
2026,2,2026_02_NO_BAL,2026-09-20 23:00:00+00:00,2026-09-20 17:00 MDT,NO,away,3,00-0039622,I.Stalbird,44.0,3,0.67,1.0,0.67,0.0,10.0,1.0,1,5.0
2026,2,2026_02_NO_BAL,2026-09-20 23:00:00+00:00,2026-09-20 17:00 MDT,NO,away,4,00-0035402,C.Granderson,96.0,53,0.65,1.32,1.0,0.0,9.11,1.067,16,143.0
2026,2,2026_02_NO_BAL,2026-09-20 23:00:00+00:00,2026-09-20 17:00 MDT,NO,away,5,00-0036867,C.Rumph,58.0,5,0.4,0.8,0.6,0.0,5.0,1.0,4,45.0
2026,2,2026_02_NO_BAL,2026-09-20 23:00:00+00:00,2026-09-20 17:00 MDT,NO,away,6,00-0034760,N.Shepherd,93.0,21,0.36,1.29,0.48,0.0,5.5,1.167,7,82.0
2026,2,2026_02_NO_BAL,2026-09-20 23:00:00+00:00,2026-09-20 17:00 MDT,NO,away,7,00-0038588,J.Howden,31.0,4,0.25,0.25,0.5,0.0,4.0,1.333,4,35.0
2026,2,2026_02_NO_BAL,2026-09-20 23:00:00+00:00,2026-09-20 17:00 MDT,NO,away,8,00-0034361,J.Reid,21.0,3,0.17,0.33,0.67,0.0,2.83,1.0,3,70.0
2026,2,2026_02_NO_BAL,2026-09-20 23:00:00+00:00,2026-09-20 17:00 MDT,NO,away,9,00-0036927,P.Werner,20.0,19,0.13,0.26,0.95,0.0,2.37,1.0,5,46.0
2026,2,2026_02_NO_BAL,2026-09-20 23:00:00+00:00,2026-09-20 17:00 MDT,NO,away,10,00-0039401,K.Boyd,97.0,1,0.0,1.0,0.0,0.0,0.0,0.0,0,0.0
2026,2,2026_02_MIN_CHI,2026-09-21 00:00:00+00:00,2026-09-20 18:00 MDT,CHI,home,1,00-0035647,M.Sweat,98.0,29,0.74,1.52,0.9,0.0,9.38,1.0,5,35.0
2026,2,2026_02_MIN_CHI,2026-09-21 00:00:00+00:00,2026-09-20 18:00 MDT,CHI,home,2,00-0037271,D.Jackson,48.0,2,0.5,0.5,1.0,0.0,8.5,1.0,2,20.0
2026,2,2026_02_MIN_CHI,2026-09-21 00:00:00+00:00,2026-09-20 18:00 MDT,CHI,home,3,00-0039840,A.Booker,94.0,14,0.43,1.14,0.57,0.0,5.25,1.25,5,42.0
2026,2,2026_02_MIN_CHI,2026-09-21 00:00:00+00:00,2026-09-20 18:00 MDT,CHI,home,4,00-0035386,T.Edwards,53.0,22,0.32,0.77,1.0,0.0,3.59,0.0,0,0.0
2026,2,2026_02_MIN_CHI,2026-09-21 00:00:00+00:00,2026-09-20 18:00 MDT,CHI,home,5,00-0036480,D.Odeyingbo,55.0,4,0.25,1.0,0.5,0.0,1.75,2.0,2,16.0
2026,2,2026_02_MIN_CHI,2026-09-21 00:00:00+00:00,2026-09-20 18:00 MDT,CHI,home,6,00-0031583,G.Jarrett,50.0,7,0.21,1.14,0.14,0.0,1.5,1.0,2,11.0
2026,2,2026_02_MIN_CHI,2026-09-21 00:00:00+00:00,2026-09-20 18:00 MDT,CHI,home,7,00-0037843,D.Hardy,92.0,2,0.0,0.5,0.0,0.5,0.0,1.0,6,50.0
2026,2,2026_02_MIN_CHI,2026-09-21 00:00:00+00:00,2026-09-20 18:00 MDT,CHI,home,8,00-0039071,T.Stevenson,29.0,3,0.0,0.0,1.0,0.0,1.67,1.0,11,144.0
2026,2,2026_02_MIN_CHI,2026-09-21 00:00:00+00:00,2026-09-20 18:00 MDT,MIN,away,1,00-0040496,C.Chambliss,32.0,1,1.0,1.0,1.0,0.0,4.0,0.0,0,0.0
2026,2,2026_02_MIN_CHI,2026-09-21 00:00:00+00:00,2026-09-20 18:00 MDT,MIN,away,2,00-0035272,A.Van Ginkel,43.0,25,0.74,1.28,1.16,0.0,11.14,1.0,1,5.0
2026,2,2026_02_MIN_CHI,2026-09-21 00:00:00+00:00,2026-09-20 18:00 MDT,MIN,away,3,00-0039924,D.Turner,15.0,15,0.73,1.33,0.93,0.0,10.6,1.0,8,74.0
2026,2,2026_02_MIN_CHI,2026-09-21 00:00:00+00:00,2026-09-20 18:00 MDT,MIN,away,4,00-0033336,E.Wilson,55.0,29,0.5,1.0,1.21,0.03,9.47,1.0,6,74.0
2026,2,2026_02_MIN_CHI,2026-09-21 00:00:00+00:00,2026-09-20 18:00 MDT,MIN,away,5,00-0037301,Th.Jackson,26.0,4,0.5,0.75,0.75,0.0,10.25,0.0,0,0.0
2026,2,2026_02_MIN_CHI,2026-09-21 00:00:00+00:00,2026-09-20 18:00 MDT,MIN,away,6,00-0038778,J.Redmond,61.0,14,0.5,0.64,1.29,0.0,9.21,1.0,2,10.0
2026,2,2026_02_MIN_CHI,2026-09-21 00:00:00+00:00,2026-09-20 18:00 MDT,MIN,away,7,00-0040173,T.Ingram-Dawkins,90.0,2,0.5,0.5,1.0,0.0,7.0,1.0,1,5.0
2026,2,2026_02_MIN_CHI,2026-09-21 00:00:00+00:00,2026-09-20 18:00 MDT,MIN,away,8,00-0035276,B.Cashman,51.0,15,0.43,0.93,0.8,0.0,6.27,1.0,1,15.0
2026,2,2026_02_MIN_CHI,2026-09-21 00:00:00+00:00,2026-09-20 18:00 MDT,MIN,away,9,00-0029606,H.Smith,22.0,67,0.32,0.67,0.76,0.0,5.85,1.0,27,292.0
2026,2,2026_02_MIN_CHI,2026-09-21 00:00:00+00:00,2026-09-20 18:00 MDT,MIN,away,10,00-0038807,I.Pace,0.0,21,0.31,1.05,0.52,0.0,3.17,1.0,8,92.0
2026,2,2026_02_CIN_HOU,2026-09-21 00:00:00+00:00,2026-09-20 18:00 MDT,HOU,home,1,00-0031565,D.Hunter,55.0,27,1.0,1.67,1.19,0.0,15.83,1.0,4,30.0
2026,2,2026_02_CIN_HOU,2026-09-21 00:00:00+00:00,2026-09-20 18:00 MDT,HOU,home,2,00-0039108,W.Anderson,51.0,42,0.71,1.52,1.1,0.0,12.15,1.1,11,75.0
2026,2,2026_02_CIN_HOU,2026-09-21 00:00:00+00:00,2026-09-20 18:00 MDT,HOU,home,3,00-0032759,S.Rankins,98.0,15,0.6,1.27,0.93,0.0,9.47,0.0,0,0.0
2026,2,2026_02_CIN_HOU,2026-09-21 00:00:00+00:00,2026-09-20 18:00 MDT,HOU,home,4,00-0032265,M.Edwards,97.0,11,0.41,1.09,0.45,0.0,8.05,1.0,7,75.0
2026,2,2026_02_CIN_HOU,2026-09-21 00:00:00+00:00,2026-09-20 18:00 MDT,HOU,home,5,00-0036883,T.Togiai,72.0,10,0.3,0.7,0.8,0.0,5.2,1.0,1,6.0
2026,2,2026_02_CIN_HOU,2026-09-21 00:00:00+00:00,2026-09-20 18:00 MDT,HOU,home,6,00-0035166,A.Al-Shaair,0.0,9,0.22,1.0,0.89,0.0,2.11,1.25,5,41.0
2026,2,2026_02_CIN_HOU,2026-09-21 00:00:00+00:00,2026-09-20 18:00 MDT,HOU,home,7,00-0038599,H.To'oTo'o,39.0,19,0.21,0.32,0.95,0.0,4.32,1.25,5,36.0
2026,2,2026_02_CIN_HOU,2026-09-21 00:00:00+00:00,2026-09-20 18:00 MDT,HOU,home,8,00-0037237,D.Stingley,24.0,6,0.17,0.0,1.0,0.0,2.0,1.091,12,141.0
2026,2,2026_02_CIN_HOU,2026-09-21 00:00:00+00:00,2026-09-20 18:00 MDT,HOU,home,9,00-0037246,J.Pitre,5.0,19,0.05,0.26,1.05,0.0,3.37,1.0,11,121.0
2026,2,2026_02_CIN_HOU,2026-09-21 00:00:00+00:00,2026-09-20 18:00 MDT,HOU,home,10,00-0039343,K.Lassiter,3.0,8,0.0,0.12,1.38,0.0,4.12,1.0,6,55.0
2026,2,2026_02_CIN_HOU,2026-09-21 00:00:00+00:00,2026-09-20 18:00 MDT,CIN,away,1,00-0039908,K.Jenkins,90.0,7,0.64,1.14,0.71,0.0,6.43,1.0,1,1.0
2026,2,2026_02_CIN_HOU,2026-09-21 00:00:00+00:00,2026-09-20 18:00 MDT,CIN,away,2,00-0038546,M.Murphy,99.0,15,0.57,1.13,0.67,0.0,4.93,1.5,3,25.0
2026,2,2026_02_CIN_HOU,2026-09-21 00:00:00+00:00,2026-09-20 18:00 MDT,CIN,away,3,00-0040738,D.Knight,44.0,6,0.5,0.83,0.67,0.0,5.17,1.0,1,5.0
2026,2,2026_02_CIN_HOU,2026-09-21 00:00:00+00:00,2026-09-20 18:00 MDT,CIN,away,4,00-0039752,C.Johnson,52.0,7,0.43,1.29,0.43,0.0,5.14,1.0,1,15.0
2026,2,2026_02_CIN_HOU,2026-09-21 00:00:00+00:00,2026-09-20 18:00 MDT,CIN,away,5,00-0036642,T.Slaton,98.0,7,0.43,1.0,0.57,0.0,5.57,0.0,0,0.0
2026,2,2026_02_CIN_HOU,2026-09-21 00:00:00+00:00,2026-09-20 18:00 MDT,CIN,away,6,00-0034800,B.Hill,92.0,53,0.38,1.17,0.45,0.0,4.6,1.0,7,37.0
2026,2,2026_02_CIN_HOU,2026-09-21 00:00:00+00:00,2026-09-20 18:00 MDT,CIN,away,7,00-0034446,J.Davis,35.0,3,0.33,0.67,0.67,0.0,7.33,1.0,4,35.0
2026,2,2026_02_CIN_HOU,2026-09-21 00:00:00+00:00,2026-09-20 18:00 MDT,CIN,away,8,00-0040756,S.Stewart,94.0,4,0.25,1.0,0.5,0.0,3.25,0.0,0,0.0
2026,2,2026_02_CIN_HOU,2026-09-21 00:00:00+00:00,2026-09-20 18:00 MDT,CIN,away,9,00-0038560,J.Battle,27.0,8,0.25,0.5,0.88,0.0,3.88,0.0,0,0.0
2026,2,2026_02_CIN_HOU,2026-09-21 00:00:00+00:00,2026-09-20 18:00 MDT,CIN,away,10,00-0037743,D.Hill,23.0,11,0.23,0.64,0.82,0.0,3.55,1.111,10,108.0
2026,2,2026_02_PIT_NE,2026-09-20 23:00:00+00:00,2026-09-20 17:00 MDT,NE,home,1,00-0039692,D.Pettus,24.0,2,1.0,1.0,1.0,0.0,19.0,1.0,3,20.0
2026,2,2026_02_PIT_NE,2026-09-20 23:00:00+00:00,2026-09-20 17:00 MDT,NE,home,2,00-0040574,E.Ponder,91.0,5,0.8,1.0,0.8,0.0,6.4,1.0,3,30.0
2026,2,2026_02_PIT_NE,2026-09-20 23:00:00+00:00,2026-09-20 17:00 MDT,NE,home,3,00-0036981,C.Barmore,90.0,35,0.44,1.26,0.66,0.0,6.29,1.0,3,35.0
2026,2,2026_02_PIT_NE,2026-09-20 23:00:00+00:00,2026-09-20 17:00 MDT,NE,home,4,00-0036916,M.Williams,97.0,9,0.39,0.89,0.89,0.0,6.11,0.0,0,0.0
2026,2,2026_02_PIT_NE,2026-09-20 23:00:00+00:00,2026-09-20 17:00 MDT,NE,home,5,00-0039147,C.Gonzalez,0.0,4,0.25,0.5,0.75,0.0,4.5,1.0,3,44.0
2026,2,2026_02_PIT_NE,2026-09-20 23:00:00+00:00,2026-09-20 17:00 MDT,NE,home,6,00-0034720,R.Spillane,14.0,4,0.25,0.0,1.0,0.0,3.0,0.0,0,0.0
2026,2,2026_02_PIT_NE,2026-09-20 23:00:00+00:00,2026-09-20 17:00 MDT,NE,home,7,00-0037253,Ma.Jones,25.0,9,0.22,0.22,1.22,0.0,4.11,1.0,3,26.0
2026,2,2026_02_PIT_NE,2026-09-20 23:00:00+00:00,2026-09-20 17:00 MDT,NE,home,8,00-0036813,C.Elliss,53.0,7,0.21,1.14,0.14,0.0,3.21,1.0,4,38.0
2026,2,2026_02_PIT_NE,2026-09-20 23:00:00+00:00,2026-09-20 17:00 MDT,NE,home,9,00-0039289,L.Taylor,93.0,1,0.0,1.0,0.0,0.0,0.0,0.0,0,0.0
2026,2,2026_02_PIT_NE,2026-09-20 23:00:00+00:00,2026-09-20 17:00 MDT,NE,home,10,00-0034778,C.Davis,7.0,4,0.0,0.25,0.75,0.0,2.25,1.125,9,117.0
2026,2,2026_02_PIT_NE,2026-09-20 23:00:00+00:00,2026-09-20 17:00 MDT,PIT,away,1,00-0033886,T.Watt,90.0,114,1.01,2.14,1.19,0.0,12.28,1.1,33,268.0
2026,2,2026_02_PIT_NE,2026-09-20 23:00:00+00:00,2026-09-20 17:00 MDT,PIT,away,2,00-0036333,A.Highsmith,56.0,60,0.75,1.52,1.07,0.0,10.0,1.056,19,145.0
2026,2,2026_02_PIT_NE,2026-09-20 23:00:00+00:00,2026-09-20 17:00 MDT,PIT,away,3,00-0040678,D.Harmon,99.0,4,0.75,1.25,0.25,0.0,3.25,1.0,1,15.0
2026,2,2026_02_PIT_NE,2026-09-20 23:00:00+00:00,2026-09-20 17:00 MDT,PIT,away,4,00-0033055,J.Ramsey,5.0,4,0.75,1.0,1.0,0.0,12.25,1.0,5,34.0
2026,2,2026_02_PIT_NE,2026-09-20 23:00:00+00:00,2026-09-20 17:00 MDT,PIT,away,5,00-0027969,C.Heyward,97.0,149,0.62,1.37,0.93,0.0,8.33,1.032,32,250.0
2026,2,2026_02_PIT_NE,2026-09-20 23:00:00+00:00,2026-09-20 17:00 MDT,PIT,away,6,00-0038577,Ni.Herbig,51.0,26,0.62,1.23,0.88,0.0,10.1,1.0,6,45.0
2026,2,2026_02_PIT_NE,2026-09-20 23:00:00+00:00,2026-09-20 17:00 MDT,PIT,away,7,00-0039110,K.Benton,95.0,20,0.38,1.4,0.45,0.0,6.05,1.0,3,13.0
2026,2,2026_02_PIT_NE,2026-09-20 23:00:00+00:00,2026-09-20 17:00 MDT,PIT,away,8,00-0040160,J.Sawyer,33.0,4,0.25,1.5,0.75,0.0,5.75,1.0,1,5.0
2026,2,2026_02_PIT_NE,2026-09-20 23:00:00+00:00,2026-09-20 17:00 MDT,PIT,away,9,00-0036504,B.Echols,26.0,4,0.25,0.5,0.75,0.0,4.5,1.5,3,28.0
2026,2,2026_02_PIT_NE,2026-09-20 23:00:00+00:00,2026-09-20 17:00 MDT,PIT,away,10,00-0039167,J.Porter,24.0,4,0.25,0.0,0.75,0.0,2.25,1.714,24,257.0
2026,2,2026_02_GB_NYJ,2026-09-20 23:00:00+00:00,2026-09-20 17:00 MDT,NYJ,home,1,00-0039142,W.McDonald,9.0,29,0.74,1.66,0.86,0.0,10.84,1.25,5,21.0
2026,2,2026_02_GB_NYJ,2026-09-20 23:00:00+00:00,2026-09-20 17:00 MDT,NYJ,home,2,00-0039284,B.McGregor,55.0,2,0.5,1.0,0.5,0.0,1.0,1.0,1,5.0
2026,2,2026_02_GB_NYJ,2026-09-20 23:00:00+00:00,2026-09-20 17:00 MDT,NYJ,home,3,00-0039431,J.Briggs,91.0,9,0.44,1.11,0.89,0.0,7.89,1.0,2,10.0
2026,2,2026_02_GB_NYJ,2026-09-20 23:00:00+00:00,2026-09-20 17:00 MDT,NYJ,home,4,00-0036500,J.Sherwood,44.0,21,0.21,0.38,1.05,0.0,4.81,1.0,6,39.0
2026,2,2026_02_GB_NYJ,2026-09-20 23:00:00+00:00,2026-09-20 17:00 MDT,NYJ,home,5,00-0034782,H.Phillips,97.0,7,0.07,0.14,0.71,0.0,1.43,0.0,0,0.0
2026,2,2026_02_GB_NYJ,2026-09-20 23:00:00+00:00,2026-09-20 17:00 MDT,NYJ,home,6,00-0036987,B.Stephens,21.0,3,0.0,0.0,1.33,0.0,2.33,1.0,3,42.0
2026,2,2026_02_GB_NYJ,2026-09-20 23:00:00+00:00,2026-09-20 17:00 MDT,NYJ,home,7,00-0036941,A.Cisco,8.0,1,0.0,0.0,1.0,0.0,1.0,0.0,0,0.0
2026,2,2026_02_GB_NYJ,2026-09-20 23:00:00+00:00,2026-09-20 17:00 MDT,NYJ,home,8,00-0039372,J.Brownlee,2.0,1,0.0,0.0,1.0,0.0,1.0,1.75,7,51.0
2026,2,2026_02_GB_NYJ,2026-09-20 23:00:00+00:00,2026-09-20 17:00 MDT,NYJ,home,9,00-0040165,M.Moore,27.0,3,0.0,0.0,1.0,0.0,2.0,1.0,1,5.0
2026,2,2026_02_GB_NYJ,2026-09-20 23:00:00+00:00,2026-09-20 17:00 MDT,NYJ,home,10,00-0040133,A.Thomas,1.0,2,0.0,0.0,1.0,0.0,1.5,1.0,3,39.0
2026,2,2026_02_GB_NYJ,2026-09-20 23:00:00+00:00,2026-09-20 17:00 MDT,GB,away,1,00-0038463,B.Cox,57.0,6,0.83,1.67,1.0,0.0,14.5,1.0,1,16.0
2026,2,2026_02_GB_NYJ,2026-09-20 23:00:00+00:00,2026-09-20 17:00 MDT,GB,away,2,00-0037075,D.Wyatt,95.0,26,0.62,1.15,0.81,0.0,8.46,1.25,5,32.0
2026,2,2026_02_GB_NYJ,2026-09-20 23:00:00+00:00,2026-09-20 17:00 MDT,GB,away,3,00-0040010,B.Sorrell,99.0,3,0.5,1.0,0.33,0.0,0.67,0.0,0,0.0
2026,2,2026_02_GB_NYJ,2026-09-20 23:00:00+00:00,2026-09-20 17:00 MDT,GB,away,4,00-0036388,X.McKinney,29.0,4,0.5,0.75,0.5,0.0,5.0,1.0,3,33.0
2026,2,2026_02_GB_NYJ,2026-09-20 23:00:00+00:00,2026-09-20 17:00 MDT,GB,away,5,00-0038398,K.Brooks,94.0,17,0.47,0.94,0.65,0.0,6.97,1.0,5,46.0
2026,2,2026_02_GB_NYJ,2026-09-20 23:00:00+00:00,2026-09-20 17:00 MDT,GB,away,6,00-0039112,L.Van Ness,90.0,22,0.39,1.05,0.77,0.0,4.95,1.0,11,105.0
2026,2,2026_02_GB_NYJ,2026-09-20 23:00:00+00:00,2026-09-20 17:00 MDT,GB,away,7,00-0039850,E.Cooper,56.0,14,0.29,0.71,1.21,0.0,6.96,1.0,2,20.0
2026,2,2026_02_GB_NYJ,2026-09-20 23:00:00+00:00,2026-09-20 17:00 MDT,GB,away,8,00-0035133,K.Nixon,25.0,16,0.22,0.5,0.94,0.0,5.06,1.25,25,191.0
2026,2,2026_02_GB_NYJ,2026-09-20 23:00:00+00:00,2026-09-20 17:00 MDT,GB,away,9,00-0040016,W.Brinson,91.0,3,0.17,1.0,0.0,0.0,1.17,1.0,2,20.0
2026,2,2026_02_GB_NYJ,2026-09-20 23:00:00+00:00,2026-09-20 17:00 MDT,GB,away,10,00-0036658,I.McDuffie,58.0,18,0.11,0.5,0.61,0.0,1.89,1.0,6,63.0
2026,2,2026_02_CLE_TB,2026-09-20 23:00:00+00:00,2026-09-20 17:00 MDT,TB,home,1,00-0036411,A.Winfield,31.0,33,0.55,0.88,0.73,0.0,7.58,1.25,5,51.0
2026,2,2026_02_CLE_TB,2026-09-20 23:00:00+00:00,2026-09-20 17:00 MDT,TB,home,2,00-0035254,A.Nelson,98.0,40,0.54,1.15,0.72,0.0,7.5,1.0,8,59.0
2026,2,2026_02_CLE_TB,2026-09-20 23:00:00+00:00,2026-09-20 17:00 MDT,TB,home,3,00-0034773,V.Vea,50.0,66,0.53,1.2,0.73,0.0,7.74,1.0,16,125.0
2026,2,2026_02_CLE_TB,2026-09-20 23:00:00+00:00,2026-09-20 17:00 MDT,TB,home,4,00-0039068,Y.Diaby,0.0,36,0.53,1.31,1.06,0.0,8.72,1.0,8,55.0
2026,2,2026_02_CLE_TB,2026-09-20 23:00:00+00:00,2026-09-20 17:00 MDT,TB,home,5,00-0039063,C.Kancey,94.0,24,0.48,1.25,0.92,0.0,6.71,1.0,6,38.0
2026,2,2026_02_CLE_TB,2026-09-20 23:00:00+00:00,2026-09-20 17:00 MDT,TB,home,6,00-0040143,J.Parrish,25.0,5,0.4,0.6,1.4,0.0,9.4,1.0,3,32.0
2026,2,2026_02_CLE_TB,2026-09-20 23:00:00+00:00,2026-09-20 17:00 MDT,TB,home,7,00-0040183,E.Roberts,95.0,6,0.33,0.83,0.33,0.0,2.17,1.0,1,15.0
2026,2,2026_02_CLE_TB,2026-09-20 23:00:00+00:00,2026-09-20 17:00 MDT,TB,home,8,00-0039049,S.Dennis,8.0,12,0.33,0.67,0.92,0.0,8.58,1.0,4,24.0
2026,2,2026_02_CLE_TB,2026-09-20 23:00:00+00:00,2026-09-20 17:00 MDT,TB,home,9,00-0039846,T.Smith,23.0,11,0.18,0.64,0.91,0.0,5.45,1.0,2,23.0
2026,2,2026_02_CLE_TB,2026-09-20 23:00:00+00:00,2026-09-20 17:00 MDT,TB,home,10,00-0037268,Z.McCollum,27.0,3,0.0,0.0,1.0,0.0,1.67,1.222,11,85.0
2026,2,2026_02_CLE_TB,2026-09-20 23:00:00+00:00,2026-09-20 17:00 MDT,CLE,away,1,00-0040263,D.McMillon,31.0,1,1.0,1.0,1.0,0.0,20.0,1.0,1,15.0
2026,2,2026_02_CLE_TB,2026-09-20 23:00:00+00:00,2026-09-20 17:00 MDT,CLE,away,2,00-0033131,M.Collins,96.0,10,0.65,1.3,0.7,0.0,6.7,1.0,2,7.0
2026,2,2026_02_CLE_TB,2026-09-20 23:00:00+00:00,2026-09-20 17:00 MDT,CLE,away,3,00-0040255,A.Huntington,98.0,1,0.5,1.0,0.0,0.0,4.0,1.0,1,15.0
2026,2,2026_02_CLE_TB,2026-09-20 23:00:00+00:00,2026-09-20 17:00 MDT,CLE,away,4,00-0038574,I.McGuire,57.0,17,0.32,1.0,1.06,0.0,8.74,0.0,0,0.0
2026,2,2026_02_CLE_TB,2026-09-20 23:00:00+00:00,2026-09-20 17:00 MDT,CLE,away,5,00-0039895,M.Hall,51.0,8,0.31,1.25,0.62,0.0,4.88,0.0,0,0.0
2026,2,2026_02_CLE_TB,2026-09-20 23:00:00+00:00,2026-09-20 17:00 MDT,CLE,away,6,00-0040579,C.Schwesinger,49.0,10,0.25,0.9,1.1,0.0,6.8,1.0,1,8.0
2026,2,2026_02_CLE_TB,2026-09-20 23:00:00+00:00,2026-09-20 17:00 MDT,CLE,away,7,00-0036282,G.Delpit,9.0,28,0.23,0.61,0.89,0.0,4.88,1.0,9,89.0
2026,2,2026_02_CLE_TB,2026-09-20 23:00:00+00:00,2026-09-20 17:00 MDT,CLE,away,8,00-0040685,M.Graham,94.0,10,0.05,0.4,0.7,0.0,1.85,1.0,1,5.0
2026,2,2026_02_CLE_TB,2026-09-20 23:00:00+00:00,2026-09-20 17:00 MDT,CLE,away,9,00-0034856,D.Ward,21.0,18,0.03,0.33,0.72,0.0,2.0,1.077,28,360.0
2026,2,2026_02_CLE_TB,2026-09-20 23:00:00+00:00,2026-09-20 17:00 MDT,CLE,away,10,00-0036974,T.Campbell,7.0,2,0.0,0.5,0.5,0.0,2.0,0.0,0,0.0
2026,2,2026_02_PHI_TEN,2026-09-21 00:00:00+00:00,2026-09-20 18:00 MDT,TEN,home,1,00-0038514,T.Jones,56.0,2,0.75,1.0,1.0,0.0,13.5,0.0,0,0.0
2026,2,2026_02_PHI_TEN,2026-09-21 00:00:00+00:00,2026-09-20 18:00 MDT,TEN,home,2,00-0035643,J.Simmons,98.0,62,0.69,1.4,1.06,0.0,10.52,1.143,32,289.0
2026,2,2026_02_PHI_TEN,2026-09-21 00:00:00+00:00,2026-09-20 18:00 MDT,TEN,home,3,00-0035672,C.Barton,50.0,4,0.25,0.25,1.0,0.0,8.0,0.0,0,0.0
2026,2,2026_02_PHI_TEN,2026-09-21 00:00:00+00:00,2026-09-20 18:00 MDT,TEN,home,4,00-0039430,J.Williams,52.0,4,0.25,0.25,0.75,0.25,6.25,1.167,7,69.0
2026,2,2026_02_PHI_TEN,2026-09-21 00:00:00+00:00,2026-09-20 18:00 MDT,TEN,home,5,00-0040141,K.Winston,23.0,5,0.2,0.8,0.8,0.0,5.8,0.0,0,0.0
2026,2,2026_02_PHI_TEN,2026-09-21 00:00:00+00:00,2026-09-20 18:00 MDT,TEN,home,6,00-0039858,C.Gray,33.0,8,0.12,0.38,0.88,0.0,3.25,1.5,6,62.0
2026,2,2026_02_PHI_TEN,2026-09-21 00:00:00+00:00,2026-09-20 18:00 MDT,TEN,home,7,00-0035632,A.Hooker,37.0,14,0.07,0.21,0.93,0.0,2.57,1.0,10,154.0
2026,2,2026_02_PHI_TEN,2026-09-21 00:00:00+00:00,2026-09-20 18:00 MDT,TEN,home,8,00-0040752,F.Oladejo,7.0,2,0.0,1.0,1.0,0.0,4.0,0.0,0,0.0
2026,2,2026_02_PHI_TEN,2026-09-21 00:00:00+00:00,2026-09-20 18:00 MDT,TEN,home,9,00-0040201,M.Harris,26.0,1,0.0,0.0,1.0,0.0,1.0,1.0,3,31.0
2026,2,2026_02_PHI_TEN,2026-09-21 00:00:00+00:00,2026-09-20 18:00 MDT,TEN,home,10,00-0040020,M.Robinson,21.0,1,0.0,0.0,1.0,0.0,2.0,0.0,0,0.0
2026,2,2026_02_PHI_TEN,2026-09-21 00:00:00+00:00,2026-09-20 18:00 MDT,PHI,away,1,00-0038978,B.Young,94.0,4,0.62,1.0,0.75,0.0,4.75,1.0,1,15.0
2026,2,2026_02_PHI_TEN,2026-09-21 00:00:00+00:00,2026-09-20 18:00 MDT,PHI,away,2,00-0038412,M.Ojomo,97.0,12,0.5,1.42,0.5,0.0,6.33,1.2,6,44.0
2026,2,2026_02_PHI_TEN,2026-09-21 00:00:00+00:00,2026-09-20 18:00 MDT,PHI,away,3,00-0037073,J.Davis,90.0,16,0.5,0.75,0.94,0.0,5.81,1.0,1,15.0
2026,2,2026_02_PHI_TEN,2026-09-21 00:00:00+00:00,2026-09-20 18:00 MDT,PHI,away,4,00-0039140,K.Ringo,7.0,2,0.5,0.5,0.5,0.0,1.0,1.455,16,218.0
2026,2,2026_02_PHI_TEN,2026-09-21 00:00:00+00:00,2026-09-20 18:00 MDT,PHI,away,5,00-0038386,J.Carter,98.0,28,0.48,1.32,0.89,0.0,7.34,1.071,15,118.0
2026,2,2026_02_PHI_TEN,2026-09-21 00:00:00+00:00,2026-09-20 18:00 MDT,PHI,away,6,00-0039013,N.Smith,3.0,22,0.48,1.14,0.45,0.0,5.0,1.2,6,55.0
2026,2,2026_02_PHI_TEN,2026-09-21 00:00:00+00:00,2026-09-20 18:00 MDT,PHI,away,7,00-0036418,Z.Baun,53.0,16,0.44,0.62,1.12,0.0,5.03,1.0,3,45.0
2026,2,2026_02_PHI_TEN,2026-09-21 00:00:00+00:00,2026-09-20 18:00 MDT,PHI,away,8,00-0039740,J.Hunt,58.0,20,0.4,1.35,0.5,0.0,5.75,1.0,3,39.0
2026,2,2026_02_PHI_TEN,2026-09-21 00:00:00+00:00,2026-09-20 18:00 MDT,PHI,away,9,00-0039826,J.Trotter,54.0,2,0.25,1.5,0.5,0.0,2.25,1.25,5,58.0
2026,2,2026_02_PHI_TEN,2026-09-21 00:00:00+00:00,2026-09-20 18:00 MDT,PHI,away,10,00-0040749,A.Mukuba,24.0,2,0.25,0.5,1.0,0.0,3.75,0.0,0,0.0
2026,2,2026_02_JAX_DEN,2026-09-21 01:00:00+00:00,2026-09-20 19:00 MDT,DEN,home,1,00-0037249,N.Bonitto,15.0,46,0.8,1.63,0.96,0.0,10.87,1.071,15,118.0
2026,2,2026_02_JAX_DEN,2026-09-21 01:00:00+00:00,2026-09-20 19:00 MDT,DEN,home,2,00-0037799,D.Tillman,92.0,12,0.75,1.33,0.67,0.0,11.88,1.0,2,25.0
2026,2,2026_02_JAX_DEN,2026-09-21 01:00:00+00:00,2026-09-20 19:00 MDT,DEN,home,3,00-0037384,J.McMillian,29.0,12,0.58,0.75,1.33,0.0,12.25,1.222,11,99.0
2026,2,2026_02_JAX_DEN,2026-09-21 01:00:00+00:00,2026-09-20 19:00 MDT,DEN,home,4,00-0039809,J.Elliss,52.0,13,0.58,0.85,0.92,0.0,9.54,1.0,1,5.0
2026,2,2026_02_JAX_DEN,2026-09-21 01:00:00+00:00,2026-09-20 19:00 MDT,DEN,home,5,00-0036428,J.Strnad,40.0,16,0.47,0.81,0.81,0.0,5.38,1.0,6,46.0
2026,2,2026_02_JAX_DEN,2026-09-21 01:00:00+00:00,2026-09-20 19:00 MDT,DEN,home,6,00-0035763,M.Roach,97.0,14,0.46,0.93,0.57,0.0,5.0,1.0,3,42.0
2026,2,2026_02_JAX_DEN,2026-09-21 01:00:00+00:00,2026-09-20 19:00 MDT,DEN,home,7,00-0035248,Z.Allen,99.0,48,0.43,2.31,0.56,0.0,4.61,1.0,6,50.0
2026,2,2026_02_JAX_DEN,2026-09-21 01:00:00+00:00,2026-09-20 19:00 MDT,DEN,home,8,00-0033297,Dj.Jones,93.0,20,0.4,0.85,0.65,0.0,4.72,1.0,2,10.0
2026,2,2026_02_JAX_DEN,2026-09-21 01:00:00+00:00,2026-09-20 19:00 MDT,DEN,home,9,00-0038106,E.Uwazurike,96.0,10,0.4,0.8,0.5,0.0,3.4,1.0,1,0.0
2026,2,2026_02_JAX_DEN,2026-09-21 01:00:00+00:00,2026-09-20 19:00 MDT,DEN,home,10,00-0036564,T.Hufanga,9.0,5,0.4,0.6,1.2,0.0,8.2,2.0,4,46.0
2026,2,2026_02_JAX_DEN,2026-09-21 01:00:00+00:00,2026-09-20 19:00 MDT,JAX,away,1,00-0040329,B.Green,95.0,2,1.0,0.5,1.0,0.0,15.0,1.0,1,10.0
2026,2,2026_02_JAX_DEN,2026-09-21 01:00:00+00:00,2026-09-20 19:00 MDT,JAX,away,2,00-0038596,A.Johnson,6.0,4,0.75,0.5,0.75,0.0,5.25,1.25,5,54.0
2026,2,2026_02_JAX_DEN,2026-09-21 01:00:00+00:00,2026-09-20 19:00 MDT,JAX,away,3,00-0035642,J.Allen,41.0,90,0.68,1.67,0.83,0.0,10.08,1.143,16,133.0
2026,2,2026_02_JAX_DEN,2026-09-21 01:00:00+00:00,2026-09-20 19:00 MDT,JAX,away,4,00-0037235,T.Walker,44.0,49,0.56,1.16,0.73,0.0,9.09,1.0,15,116.0
2026,2,2026_02_JAX_DEN,2026-09-21 01:00:00+00:00,2026-09-20 19:00 MDT,JAX,away,5,00-0033038,E.Murray,29.0,2,0.5,1.0,1.0,0.0,12.5,1.0,2,41.0
2026,2,2026_02_JAX_DEN,2026-09-21 01:00:00+00:00,2026-09-20 19:00 MDT,JAX,away,6,00-0032164,A.Armstead,91.0,17,0.44,0.88,0.59,0.0,5.71,1.0,2,10.0
2026,2,2026_02_JAX_DEN,2026-09-21 01:00:00+00:00,2026-09-20 19:00 MDT,JAX,away,7,00-0039353,J.Jones,4.0,6,0.33,0.5,1.17,0.0,4.67,1.0,9,109.0
2026,2,2026_02_JAX_DEN,2026-09-21 01:00:00+00:00,2026-09-20 19:00 MDT,JAX,away,8,00-0040342,D.Striggow,92.0,2,0.25,1.5,0.0,0.0,1.0,0.0,0,0.0
2026,2,2026_02_JAX_DEN,2026-09-21 01:00:00+00:00,2026-09-20 19:00 MDT,JAX,away,9,00-0034473,D.Gardeck,47.0,10,0.25,0.9,0.6,0.0,4.05,1.0,4,15.0
2026,2,2026_02_JAX_DEN,2026-09-21 01:00:00+00:00,2026-09-20 19:00 MDT,JAX,away,10,00-0034413,F.Oluokun,23.0,33,0.2,0.67,0.94,0.0,3.67,1.125,9,95.0
2026,2,2026_02_LV_LAC,2026-09-21 02:00:00+00:00,2026-09-20 20:00 MDT,LAC,home,1,00-0035202,D.Phillips,53.0,1,1.0,2.0,1.0,0.0,10.0,1.0,1,15.0
2026,2,2026_02_LV_LAC,2026-09-21 02:00:00+00:00,2026-09-20 20:00 MDT,LAC,home,2,00-0031040,K.Mack,52.0,43,0.85,1.4,1.05,0.0,12.0,1.0,2,20.0
2026,2,2026_02_LV_LAC,2026-09-21 02:00:00+00:00,2026-09-20 20:00 MDT,LAC,home,3,00-0032146,B.Dupree,48.0,10,0.8,1.3,0.8,0.0,8.3,1.0,3,14.0
2026,2,2026_02_LV_LAC,2026-09-21 02:00:00+00:00,2026-09-20 20:00 MDT,LAC,home,4,00-0039111,T.Tuipulotu,45.0,34,0.76,1.5,1.15,0.0,8.41,1.0,3,15.0
2026,2,2026_02_LV_LAC,2026-09-21 02:00:00+00:00,2026-09-20 20:00 MDT,LAC,home,5,00-0039835,J.Eboigbe,92.0,8,0.75,1.25,0.88,0.0,8.38,0.0,0,0.0
2026,2,2026_02_LV_LAC,2026-09-21 02:00:00+00:00,2026-09-20 20:00 MDT,LAC,home,6,00-0034790,D.James,3.0,44,0.43,0.82,0.91,0.0,6.41,1.167,28,314.0
2026,2,2026_02_LV_LAC,2026-09-21 02:00:00+00:00,2026-09-20 20:00 MDT,LAC,home,7,00-0038553,D.Henley,0.0,14,0.32,0.64,0.86,0.0,5.96,1.0,4,30.0
2026,2,2026_02_LV_LAC,2026-09-21 02:00:00+00:00,2026-09-20 20:00 MDT,LAC,home,8,00-0036338,T.Dye,43.0,8,0.31,0.38,0.88,0.0,3.56,1.0,2,13.0
2026,2,2026_02_LV_LAC,2026-09-21 02:00:00+00:00,2026-09-20 20:00 MDT,LAC,home,9,00-0040144,J.Caldwell,99.0,5,0.2,0.2,1.0,0.0,4.6,1.0,1,5.0
2026,2,2026_02_LV_LAC,2026-09-21 02:00:00+00:00,2026-09-20 20:00 MDT,LAC,home,10,00-0039369,C.Hart,20.0,3,0.17,1.0,0.0,0.0,0.17,1.125,9,79.0
2026,2,2026_02_LV_LAC,2026-09-21 02:00:00+00:00,2026-09-20 20:00 MDT,LV,away,1,00-0040169,T.Hemingway,97.0,4,1.0,1.5,1.25,0.0,16.0,0.0,0,0.0
2026,2,2026_02_LV_LAC,2026-09-21 02:00:00+00:00,2026-09-20 20:00 MDT,LV,away,2,00-0034973,M.Crosby,98.0,92,0.76,1.78,1.45,0.0,11.61,1.333,40,359.0
2026,2,2026_02_LV_LAC,2026-09-21 02:00:00+00:00,2026-09-20 20:00 MDT,LV,away,3,00-0036989,M.Koonce,51.0,23,0.63,1.39,0.74,0.04,7.2,1.0,3,36.0
2026,2,2026_02_LV_LAC,2026-09-21 02:00:00+00:00,2026-09-20 20:00 MDT,LV,away,4,00-0033381,A.Butler,69.0,25,0.44,0.96,0.76,0.0,7.1,1.0,5,46.0
2026,2,2026_02_LV_LAC,2026-09-21 02:00:00+00:00,2026-09-20 20:00 MDT,LV,away,5,00-0039423,J.Laulu,96.0,12,0.42,0.75,0.92,0.0,5.33,1.0,2,15.0
2026,2,2026_02_LV_LAC,2026-09-21 02:00:00+00:00,2026-09-20 20:00 MDT,LV,away,6,00-0037512,I.Pola-Mao,20.0,8,0.38,0.5,1.0,0.0,6.88,1.0,4,41.0
2026,2,2026_02_LV_LAC,2026-09-21 02:00:00+00:00,2026-09-20 20:00 MDT,LV,away,7,00-0036293,J.Chinn,11.0,4,0.25,0.5,0.75,0.0,1.0,1.0,1,3.0
2026,2,2026_02_LV_LAC,2026-09-21 02:00:00+00:00,2026-09-20 20:00 MDT,LV,away,8,00-0037262,T.Booker,99.0,6,0.0,1.17,0.17,0.0,0.33,1.0,4,20.0
2026,2,2026_02_LV_LAC,2026-09-21 02:00:00+00:00,2026-09-20 20:00 MDT,LV,away,9,00-0036901,E.Stokes,5.0,3,0.0,0.0,1.0,0.0,2.67,1.0,2,23.0
2026,2,2026_02_LV_LAC,2026-09-21 02:00:00+00:00,2026-09-20 20:00 MDT,LV,away,10,00-0037461,T.McCollum,27.0,2,0.0,0.0,1.0,0.0,2.0,1.5,3,30.0
2026,2,2026_02_SEA_ARI,2026-09-21 01:00:00+00:00,2026-09-20 19:00 MDT,ARI,home,1,00-0034381,J.Sweat,10.0,12,1.0,1.42,1.08,0.0,13.5,1.0,2,20.0
2026,2,2026_02_SEA_ARI,2026-09-21 01:00:00+00:00,2026-09-20 19:00 MDT,ARI,home,2,00-0040137,J.Burch,52.0,1,1.0,1.0,1.0,0.0,16.0,1.0,1,7.0
2026,2,2026_02_SEA_ARI,2026-09-21 01:00:00+00:00,2026-09-20 19:00 MDT,ARI,home,3,00-0038623,D.Stills,55.0,13,0.62,1.0,0.85,0.0,9.12,1.0,5,32.0
2026,2,2026_02_SEA_ARI,2026-09-21 01:00:00+00:00,2026-09-20 19:00 MDT,ARI,home,4,00-0035636,L.Collier,91.0,7,0.5,1.14,0.57,0.0,5.21,1.0,1,5.0
2026,2,2026_02_SEA_ARI,2026-09-21 01:00:00+00:00,2026-09-20 19:00 MDT,ARI,home,5,00-0040706,W.Nolen,97.0,5,0.4,1.0,1.0,0.0,6.2,0.0,0,0.0
2026,2,2026_02_SEA_ARI,2026-09-21 01:00:00+00:00,2026-09-20 19:00 MDT,ARI,home,6,00-0039854,D.Robinson,56.0,5,0.4,0.6,1.0,0.0,3.8,1.0,2,10.0
2026,2,2026_02_SEA_ARI,2026-09-21 01:00:00+00:00,2026-09-20 19:00 MDT,ARI,home,7,00-0036933,Z.Collins,25.0,36,0.33,0.75,0.86,0.0,7.26,1.2,6,57.0
2026,2,2026_02_SEA_ARI,2026-09-21 01:00:00+00:00,2026-09-20 19:00 MDT,ARI,home,8,00-0036995,B.Browning,5.0,12,0.33,0.67,0.67,0.0,4.5,1.0,5,25.0
2026,2,2026_02_SEA_ARI,2026-09-21 01:00:00+00:00,2026-09-20 19:00 MDT,ARI,home,9,00-0035144,Ma.Wilson,1.0,10,0.3,0.8,0.7,0.0,5.3,1.0,2,15.0
2026,2,2026_02_SEA_ARI,2026-09-21 01:00:00+00:00,2026-09-20 19:00 MDT,ARI,home,10,00-0033890,B.Baker,3.0,46,0.22,0.41,1.11,0.0,4.75,1.0,12,141.0
2026,2,2026_02_SEA_ARI,2026-09-21 01:00:00+00:00,2026-09-20 19:00 MDT,SEA,away,1,00-0038764,P.O'Connell,52.0,1,1.0,1.0,1.0,0.0,2.0,0.0,0,0.0
2026,2,2026_02_SEA_ARI,2026-09-21 01:00:00+00:00,2026-09-20 19:00 MDT,SEA,away,2,00-0031933,L.Williams,99.0,34,0.65,1.79,1.0,0.0,9.15,1.125,9,100.0
2026,2,2026_02_SEA_ARI,2026-09-21 01:00:00+00:00,2026-09-20 19:00 MDT,SEA,away,3,00-0039309,B.Murphy,91.0,12,0.62,1.17,0.75,0.0,8.25,1.0,2,31.0
2026,2,2026_02_SEA_ARI,2026-09-21 01:00:00+00:00,2026-09-20 19:00 MDT,SEA,away,4,00-0032387,J.Reed,90.0,66,0.55,1.41,0.56,0.0,6.94,1.0,13,93.0
2026,2,2026_02_SEA_ARI,2026-09-21 01:00:00+00:00,2026-09-20 19:00 MDT,SEA,away,5,00-0034350,U.Nwosu,7.0,36,0.54,1.44,0.67,0.0,7.86,1.111,10,76.0
2026,2,2026_02_SEA_ARI,2026-09-21 01:00:00+00:00,2026-09-20 19:00 MDT,SEA,away,6,00-0031411,D.Lawrence,0.0,13,0.46,1.54,0.85,0.0,7.0,1.0,1,15.0
2026,2,2026_02_SEA_ARI,2026-09-21 01:00:00+00:00,2026-09-20 19:00 MDT,SEA,away,7,00-0038922,D.Thomas,32.0,8,0.44,0.75,1.25,0.0,6.94,1.0,1,5.0
2026,2,2026_02_SEA_ARI,2026-09-21 01:00:00+00:00,2026-09-20 19:00 MDT,SEA,away,8,00-0038765,T.Okada,39.0,4,0.38,0.5,0.75,0.0,5.62,1.0,1,15.0
2026,2,2026_02_SEA_ARI,2026-09-21 01:00:00+00:00,2026-09-20 19:00 MDT,SEA,away,9,00-0039815,T.Knight,48.0,10,0.35,0.6,0.9,0.0,8.45,0.0,0,0.0
2026,2,2026_02_SEA_ARI,2026-09-21 01:00:00+00:00,2026-09-20 19:00 MDT,SEA,away,10,00-0039047,D.Hall,58.0,29,0.34,1.31,0.41,0.0,3.34,1.0,7,46.0
2026,2,2026_02_WAS_DAL,2026-09-21 00:00:00+00:00,2026-09-20 18:00 MDT,DAL,home,1,00-0038556,D.Overshown,0.0,6,0.83,0.83,1.5,0.0,12.67,1.0,1,15.0
2026,2,2026_02_WAS_DAL,2026-09-21 00:00:00+00:00,2026-09-20 18:00 MDT,DAL,home,2,00-0037310,J.Houston,41.0,10,0.55,1.3,0.6,0.0,9.35,1.0,4,43.0
2026,2,2026_02_WAS_DAL,2026-09-21 00:00:00+00:00,2026-09-20 18:00 MDT,DAL,home,3,00-0040011,S.James,50.0,4,0.38,1.25,0.5,0.0,2.5,1.0,2,20.0
2026,2,2026_02_WAS_DAL,2026-09-21 00:00:00+00:00,2026-09-20 18:00 MDT,DAL,home,4,00-0033120,K.Clark,97.0,9,0.33,1.0,0.67,0.0,5.56,0.0,0,0.0
2026,2,2026_02_WAS_DAL,2026-09-21 00:00:00+00:00,2026-09-20 18:00 MDT,DAL,home,5,00-0035718,Q.Williams,92.0,6,0.25,1.5,0.5,0.0,3.75,1.0,1,15.0
2026,2,2026_02_WAS_DAL,2026-09-21 00:00:00+00:00,2026-09-20 18:00 MDT,DAL,home,6,00-0040725,D.Ezeiruaku,6.0,12,0.17,1.0,0.75,0.0,4.17,1.0,2,16.0
2026,2,2026_02_WAS_DAL,2026-09-21 00:00:00+00:00,2026-09-20 18:00 MDT,DAL,home,7,00-0037275,D.Bland,26.0,7,0.0,0.43,1.0,0.0,2.14,1.125,9,100.0
2026,2,2026_02_WAS_DAL,2026-09-21 00:00:00+00:00,2026-09-20 18:00 MDT,DAL,home,8,00-0037561,M.Bell,14.0,5,0.0,0.2,0.8,0.0,2.6,1.111,10,92.0
2026,2,2026_02_WAS_DAL,2026-09-21 00:00:00+00:00,2026-09-20 18:00 MDT,DAL,home,9,00-0033877,M.Hooker,24.0,10,0.0,0.1,0.9,0.0,1.8,1.0,1,15.0
2026,2,2026_02_WAS_DAL,2026-09-21 00:00:00+00:00,2026-09-20 18:00 MDT,DAL,home,10,00-0040008,S.Revel,28.0,1,0.0,0.0,1.0,0.0,1.0,1.0,4,37.0
2026,2,2026_02_WAS_DAL,2026-09-21 00:00:00+00:00,2026-09-20 18:00 MDT,WAS,away,1,00-0040314,R.Barber,50.0,1,1.0,1.0,1.0,0.0,12.0,0.0,0,0.0
2026,2,2026_02_WAS_DAL,2026-09-21 00:00:00+00:00,2026-09-20 18:00 MDT,WAS,away,2,00-0034302,F.Luvu,4.0,16,0.69,1.25,1.06,0.0,8.75,1.0,3,24.0
2026,2,2026_02_WAS_DAL,2026-09-21 00:00:00+00:00,2026-09-20 18:00 MDT,WAS,away,3,00-0039412,J.Jean-Baptiste,41.0,3,0.67,1.0,0.67,0.0,4.67,0.0,0,0.0
2026,2,2026_02_WAS_DAL,2026-09-21 00:00:00+00:00,2026-09-20 18:00 MDT,WAS,away,4,00-0034373,D.Armstrong,92.0,18,0.58,1.17,0.78,0.0,6.94,1.0,2,20.0
2026,2,2026_02_WAS_DAL,2026-09-21 00:00:00+00:00,2026-09-20 18:00 MDT,WAS,away,5,00-0034333,D.Payne,94.0,74,0.5,1.09,0.88,0.0,7.2,1.0,16,146.0
2026,2,2026_02_WAS_DAL,2026-09-21 00:00:00+00:00,2026-09-20 18:00 MDT,WAS,away,6,00-0034465,J.Reaves,39.0,8,0.25,0.5,0.88,0.0,2.75,1.0,4,38.0
2026,2,2026_02_WAS_DAL,2026-09-21 00:00:00+00:00,2026-09-20 18:00 MDT,WAS,away,7,00-0039149,J.Martin,20.0,8,0.12,0.5,0.5,0.0,2.38,1.0,3,40.0
2026,2,2026_02_WAS_DAL,2026-09-21 00:00:00+00:00,2026-09-20 18:00 MDT,WAS,away,8,00-0036260,J.Kinlaw,99.0,6,0.0,0.5,0.83,0.0,1.0,1.25,5,34.0
2026,2,2026_02_WAS_DAL,2026-09-21 00:00:00+00:00,2026-09-20 18:00 MDT,WAS,away,9,00-0039898,M.Sainristil,0.0,2,0.0,0.0,1.0,0.0,2.5,1.0,5,35.0
2026,2,2026_02_WAS_DAL,2026-09-21 00:00:00+00:00,2026-09-20 18:00 MDT,WAS,away,10,00-0039368,J.Magee,58.0,3,0.0,0.0,1.0,0.0,1.67,1.0,2,25.0
2026,2,2026_02_MIA_SF,2026-09-21 02:00:00+00:00,2026-09-20 20:00 MDT,SF,home,1,00-0035717,N.Bosa,97.0,75,0.86,2.24,1.21,0.0,12.49,1.067,16,130.0
2026,2,2026_02_MIA_SF,2026-09-21 02:00:00+00:00,2026-09-20 20:00 MDT,SF,home,2,00-0040711,C.West,99.0,2,0.5,0.5,1.0,0.0,8.5,0.0,0,0.0
2026,2,2026_02_MIA_SF,2026-09-21 02:00:00+00:00,2026-09-20 20:00 MDT,SF,home,3,00-0039148,K.White,56.0,5,0.3,1.2,0.4,0.0,4.9,0.0,0,0.0
2026,2,2026_02_MIA_SF,2026-09-21 02:00:00+00:00,2026-09-20 20:00 MDT,SF,home,4,00-0039435,T.Bethune,48.0,4,0.25,0.25,1.0,0.0,6.75,1.25,5,60.0
2026,2,2026_02_MIA_SF,2026-09-21 02:00:00+00:00,2026-09-20 20:00 MDT,SF,home,5,00-0034815,F.Warner,54.0,46,0.22,0.65,0.83,0.0,4.2,1.062,17,184.0
2026,2,2026_02_MIA_SF,2026-09-21 02:00:00+00:00,2026-09-20 20:00 MDT,SF,home,6,00-0040152,U.Stout,20.0,5,0.2,0.4,0.8,0.0,3.6,1.0,7,37.0
2026,2,2026_02_MIA_SF,2026-09-21 02:00:00+00:00,2026-09-20 20:00 MDT,SF,home,7,00-0036563,D.Lenoir,2.0,14,0.07,0.14,1.0,0.0,3.0,1.238,26,271.0
2026,2,2026_02_MIA_SF,2026-09-21 02:00:00+00:00,2026-09-20 20:00 MDT,SF,home,8,00-0039360,M.Mustapha,6.0,6,0.0,0.17,0.83,0.0,1.67,0.0,0,0.0
2026,2,2026_02_MIA_SF,2026-09-21 02:00:00+00:00,2026-09-20 20:00 MDT,SF,home,9,00-0038554,J.Brown,27.0,4,0.0,0.0,1.25,0.0,1.5,1.0,1,5.0
2026,2,2026_02_MIA_SF,2026-09-21 02:00:00+00:00,2026-09-20 20:00 MDT,SF,home,10,00-0040185,M.Sigle,36.0,1,0.0,0.0,1.0,0.0,1.0,1.0,2,10.0
2026,2,2026_02_MIA_SF,2026-09-21 02:00:00+00:00,2026-09-20 20:00 MDT,MIA,away,1,00-0039911,C.Robinson,44.0,15,0.67,1.4,0.8,0.0,7.5,1.0,5,34.0
2026,2,2026_02_MIA_SF,2026-09-21 02:00:00+00:00,2026-09-20 20:00 MDT,MIA,away,2,00-0036362,W.Gay,40.0,3,0.67,0.67,1.0,0.0,6.33,0.0,0,0.0
2026,2,2026_02_MIA_SF,2026-09-21 02:00:00+00:00,2026-09-20 20:00 MDT,MIA,away,3,00-0034285,Z.Sieler,92.0,68,0.52,1.15,0.87,0.0,8.07,1.0,12,88.0
2026,2,2026_02_MIA_SF,2026-09-21 02:00:00+00:00,2026-09-20 20:00 MDT,MIA,away,4,00-0040248,Z.Biggers,93.0,4,0.38,1.0,0.25,0.0,4.12,0.0,0,0.0
2026,2,2026_02_MIA_SF,2026-09-21 02:00:00+00:00,2026-09-20 20:00 MDT,MIA,away,5,00-0036409,J.Brooks,20.0,22,0.3,0.45,1.09,0.0,5.77,1.333,4,28.0
2026,2,2026_02_MIA_SF,2026-09-21 02:00:00+00:00,2026-09-20 20:00 MDT,MIA,away,6,00-0040178,J.Marshall,4.0,2,0.0,0.5,0.5,0.0,0.5,1.0,1,5.0
2026,2,2026_02_MIA_SF,2026-09-21 02:00:00+00:00,2026-09-20 20:00 MDT,MIA,away,7,00-0040175,Jo.Phillips,94.0,2,0.0,0.5,0.5,0.0,0.5,0.0,0,0.0
2026,2,2026_02_IND_KC,2026-09-21 00:00:00+00:00,2026-09-20 18:00 MDT,KC,home,1,00-0032762,C.Jones,95.0,125,0.7,1.76,0.79,0.0,9.14,1.273,56,400.0
2026,2,2026_02_IND_KC,2026-09-21 00:00:00+00:00,2026-09-20 18:00 MDT,KC,home,2,00-0037192,G.Karlaftis,56.0,51,0.6,1.55,0.67,0.0,6.22,1.5,3,28.0
2026,2,2026_02_IND_KC,2026-09-21 00:00:00+00:00,2026-09-20 18:00 MDT,KC,home,3,00-0040670,N.Williams,20.0,2,0.5,0.5,2.0,0.0,13.0,1.5,6,51.0
2026,2,2026_02_IND_KC,2026-09-21 00:00:00+00:00,2026-09-20 18:00 MDT,KC,home,4,00-0035262,D.Tranquill,23.0,24,0.35,0.79,0.88,0.0,4.54,1.0,1,5.0
2026,2,2026_02_IND_KC,2026-09-21 00:00:00+00:00,2026-09-20 18:00 MDT,KC,home,5,00-0038982,C.Conner,27.0,14,0.21,0.64,0.71,0.0,4.36,1.2,6,80.0
2026,2,2026_02_IND_KC,2026-09-21 00:00:00+00:00,2026-09-20 18:00 MDT,KC,home,6,00-0040640,A.Gillotte,97.0,8,0.19,1.0,0.38,0.0,1.0,0.0,0,0.0
2026,2,2026_02_IND_KC,2026-09-21 00:00:00+00:00,2026-09-20 18:00 MDT,KC,home,7,00-0036621,N.Bolton,32.0,44,0.14,0.57,0.95,0.0,3.77,1.25,5,65.0
2026,2,2026_02_IND_KC,2026-09-21 00:00:00+00:00,2026-09-20 18:00 MDT,KC,home,8,00-0039825,J.Hicks,21.0,5,0.1,0.4,0.6,0.0,2.5,1.5,6,57.0
2026,2,2026_02_IND_KC,2026-09-21 00:00:00+00:00,2026-09-20 18:00 MDT,KC,home,9,00-0040118,C.McDonald,44.0,1,0.0,0.0,1.0,0.0,1.0,1.0,1,4.0
2026,2,2026_02_IND_KC,2026-09-21 00:00:00+00:00,2026-09-20 18:00 MDT,IND,away,1,00-0032378,D.Buckner,99.0,68,0.63,1.68,0.87,0.0,9.31,1.0,11,75.0
2026,2,2026_02_IND_KC,2026-09-21 00:00:00+00:00,2026-09-20 18:00 MDT,IND,away,2,00-0039340,L.Latu,97.0,20,0.62,1.6,0.85,0.0,6.75,1.5,3,16.0
2026,2,2026_02_IND_KC,2026-09-21 00:00:00+00:00,2026-09-20 18:00 MDT,IND,away,3,00-0039031,A.Adebawore,95.0,15,0.43,0.8,0.6,0.0,7.73,1.25,5,35.0
2026,2,2026_02_IND_KC,2026-09-21 00:00:00+00:00,2026-09-20 18:00 MDT,IND,away,4,00-0036629,C.Bynum,0.0,3,0.33,0.0,1.0,0.0,11.0,0.0,0,0.0
2026,2,2026_02_IND_KC,2026-09-21 00:00:00+00:00,2026-09-20 18:00 MDT,IND,away,5,00-0039178,A.Ajiake,58.0,2,0.25,1.0,0.0,0.0,0.25,0.0,0,0.0
2026,2,2026_02_IND_KC,2026-09-21 00:00:00+00:00,2026-09-20 18:00 MDT,IND,away,6,00-0033952,G.Stewart,90.0,59,0.22,0.73,0.76,0.0,3.42,1.056,19,102.0
2026,2,2026_02_IND_KC,2026-09-21 00:00:00+00:00,2026-09-20 18:00 MDT,IND,away,7,00-0040744,J.Tuimoloau,91.0,5,0.0,1.2,0.2,0.0,0.8,1.0,2,20.0
2026,2,2026_02_NYG_LA,2026-09-22 00:15:00+00:00,2026-09-21 18:15 MDT,LA,home,1,00-0039061,D.Johnson,94.0,6,0.83,1.5,0.83,0.0,10.67,1.0,1,15.0
2026,2,2026_02_NYG_LA,2026-09-22 00:15:00+00:00,2026-09-21 18:15 MDT,LA,home,2,00-0040580,J.Stewart,10.0,4,0.75,1.5,0.75,0.0,8.0,1.0,3,25.0
2026,2,2026_02_NYG_LA,2026-09-22 00:15:00+00:00,2026-09-21 18:15 MDT,LA,home,3,00-0036349,K.Curl,3.0,4,0.75,0.75,0.75,0.0,6.25,1.0,3,24.0
2026,2,2026_02_NYG_LA,2026-09-22 00:15:00+00:00,2026-09-21 18:15 MDT,LA,home,4,00-0039138,K.Turner,91.0,33,0.73,1.3,0.82,0.0,11.95,1.0,7,51.0
2026,2,2026_02_NYG_LA,2026-09-22 00:15:00+00:00,2026-09-21 18:15 MDT,LA,home,5,00-0039734,B.Fiske,55.0,16,0.72,1.25,0.88,0.0,13.72,1.0,3,25.0
2026,2,2026_02_NYG_LA,2026-09-22 00:15:00+00:00,2026-09-21 18:15 MDT,LA,home,6,00-0039137,B.Young,0.0,39,0.71,1.56,0.82,0.0,7.77,1.2,6,65.0
2026,2,2026_02_NYG_LA,2026-09-22 00:15:00+00:00,2026-09-21 18:15 MDT,LA,home,7,00-0039776,J.McCollough,2.0,3,0.67,1.0,0.67,0.0,14.67,1.0,2,25.0
2026,2,2026_02_NYG_LA,2026-09-22 00:15:00+00:00,2026-09-21 18:15 MDT,LA,home,8,00-0037841,Q.Lake,37.0,8,0.5,0.5,0.62,0.0,6.25,1.0,11,83.0
2026,2,2026_02_NYG_LA,2026-09-22 00:15:00+00:00,2026-09-21 18:15 MDT,LA,home,9,00-0039749,T.Davis,90.0,5,0.3,0.6,0.6,0.0,6.2,1.0,1,6.0
2026,2,2026_02_NYG_LA,2026-09-22 00:15:00+00:00,2026-09-21 18:15 MDT,LA,home,10,00-0034234,P.Ford,97.0,7,0.29,0.71,0.57,0.0,4.86,0.0,0,0.0
2026,2,2026_02_NYG_LA,2026-09-22 00:15:00+00:00,2026-09-21 18:15 MDT,NYG,away,1,00-0035713,B.Burns,0.0,29,0.86,1.69,1.34,0.0,15.52,1.0,3,15.0
2026,2,2026_02_NYG_LA,2026-09-22 00:15:00+00:00,2026-09-21 18:15 MDT,NYG,away,2,00-0040694,D.Alexander,91.0,5,0.7,1.2,0.8,0.0,10.5,0.0,0,0.0
2026,2,2026_02_NYG_LA,2026-09-22 00:15:00+00:00,2026-09-21 18:15 MDT,NYG,away,3,00-0037611,K.Thibodeaux,5.0,38,0.62,1.45,0.82,0.0,9.28,1.2,12,104.0
2026,2,2026_02_NYG_LA,2026-09-22 00:15:00+00:00,2026-09-21 18:15 MDT,NYG,away,4,00-0038399,Z.Barnes,46.0,2,0.5,0.5,1.0,0.0,5.5,1.0,1,10.0
2026,2,2026_02_NYG_LA,2026-09-22 00:15:00+00:00,2026-09-21 18:15 MDT,NYG,away,5,00-0040677,A.Carter,3.0,11,0.36,2.09,0.64,0.0,5.05,1.0,5,24.0
2026,2,2026_02_NYG_LA,2026-09-22 00:15:00+00:00,2026-09-21 18:15 MDT,NYG,away,6,00-0036982,C.Golston,57.0,3,0.33,0.33,1.67,0.0,8.33,1.0,1,10.0
2026,2,2026_02_NYG_LA,2026-09-22 00:15:00+00:00,2026-09-21 18:15 MDT,NYG,away,7,00-0037259,M.McFadden,41.0,22,0.27,0.68,1.18,0.0,4.7,1.0,2,16.0
2026,2,2026_02_NYG_LA,2026-09-22 00:15:00+00:00,2026-09-21 18:15 MDT,NYG,away,8,00-0039821,A.Phillips,22.0,13,0.08,0.08,1.15,0.0,3.23,1.333,12,152.0
2026,2,2026_02_NYG_LA,2026-09-22 00:15:00+00:00,2026-09-21 18:15 MDT,NYG,away,9,00-0039000,D.Banks,2.0,4,0.0,0.0,1.25,0.0,1.75,1.182,13,187.0
2026,2,2026_02_NYG_LA,2026-09-22 00:15:00+00:00,2026-09-21 18:15 MDT,NYG,away,10,00-0039861,T.Nubin,27.0,10,0.0,0.0,1.1,0.0,2.5,1.0,3,42.0
