feature,model_importance,permutation_importance,permutation_std
plays_diff,0.005709702,0.013818181818181818,0.007144320983414015
def_epa_per_play_allowed_diff,0.004502042,0.013090909090909087,0.00703239258393227
def_plays_allowed_diff,0.0042399396,0.010545454545454547,0.004209395237378237
yards_diff,0.023061957,0.010545454545454525,0.00352558535084823
inj_out_pct_change_diff,0.003106339,0.010545454545454525,0.0024120907566220944
epa_per_play_diff,0.008160237,0.009454545454545427,0.0029090909090908833
weather_snow_index_diff,0.003256094,0.009454545454545427,0.0024120907566220874
plays_allowed_diff,0.005125055,0.009090909090909084,0.003042400096487527
epa_diff,0.010141117,0.008727272727272717,0.0021203461435800736
sched_moneyline_pct_change_diff,0.002996837,0.008363636363636328,0.002466301812045525
def_epa_allowed_diff,0.0055667222,0.007999999999999985,0.005466653228499224
downs_scrmplys_diff,0.0028072356,0.006909090909090909,0.0029090909090908807
sched_spread_close_abs_rolling3_diff,0.0026990564,0.006909090909090909,0.003128118278924568
yards_allowed_diff,0.0025769915,0.006909090909090909,0.002120346143580077
sched_implied_prob_rolling3_diff,0.0038883379,0.006545454545454588,0.0008907235428302523
plays_proxy_diff,0.0034620105,0.0065454545454545435,0.0042406922871602
inj_practice_full_pct_change_diff,0.002717804,0.0061818181818182,0.005930729611018214
downs_3rdmd_diff,0.002350913,0.006181818181818177,0.0033722249074529544
passing_20+_diff,0.0037228442,0.0058181818181818334,0.0031281182789245883
passing_cmppct_diff,0.0029401514,0.0058181818181818334,0.0035255853508482297
passing_scky_diff,0.0035891375,0.005818181818181811,0.0026721706284907024
scoring_2_pt_diff,0.0028775008,0.00545454545454549,0.00199171839092789
inj_qb_questionable_rolling3_diff,0.0024147336,0.00545454545454549,0.0011499191491521454
sched_spread_close_abs_pct_change_diff,0.0036896553,0.005454545454545467,0.003252462512726963
inj_questionable_pct_change_diff,0.0024766014,0.005454545454545467,0.0032524625127269505
receiving_yds_per_rec_diff,0.002409499,0.005454545454545467,0.0030424000964875404
sched_moneyline_delta_diff,0.003541556,0.005090909090909102,0.0035255853508482367
rushing_rushfum_diff,0.0029834681,0.005090909090909102,0.0031281182789245836
inj_listed_total_rolling3_diff,0.0032775511,0.005090909090909079,0.0037083778280674554
passing_rate_diff,0.0034714174,0.004727272727272758,0.002466301812045568
sched_spread_close_abs_delta_diff,0.0027988069,0.004727272727272758,0.0021818181818181958
inj_listed_total_delta_diff,0.0026710427,0.004727272727272758,0.0018541889140337518
passing_sck_diff,0.00430843,0.0043636363636363916,0.0008907235428302523
ypp_allowed_diff,0.0031455276,0.0043636363636363916,0.001854188914033752
rushing_20+_diff,0.0028720081,0.0043636363636363916,0.0018541889140337518
rushing_rush1st_diff,0.0028333138,0.0043636363636363916,0.001454545454545464
inj_practice_limited_rolling3_diff,0.0022593776,0.0043636363636363916,0.0021818181818181958
sched_consecutive_home_prev_diff,0.0020825788,0.0043636363636363916,0.0027212053721992475
sched_prev_is_home_delta_diff,0.0020268757,0.0043636363636363916,0.001454545454545464
rushing_40+_diff,0.0032201118,0.00436363636363637,0.004240692287160211
passing_int_diff,0.0030549369,0.004000000000000026,0.001360602686099624
sched_prev_is_home_rolling3_diff,0.002844817,0.004000000000000026,0.0024120907566221243
inj_listed_total_diff,0.0026105365,0.004000000000000026,0.0024120907566221243
inj_practice_full_delta_diff,0.0022541191,0.004000000000000026,0.0017814470856605045
inj_practice_limited_pct_change_diff,0.0034242407,0.0040000000000000036,0.005193766129849342
inj_out_prev_diff,0.0028725013,0.0040000000000000036,0.0031281182789245753
sched_spread_close_rolling3_diff,0.004308006,0.0036363636363636598,0.002299838298304291
inj_practice_full_diff,0.0040429872,0.0036363636363636598,0.0011499191491521454
inj_doubtful_diff,0.0032149546,0.0036363636363636598,0.0030424000964875673
rushing_lng_diff,0.0030497212,0.0036363636363636598,0.002299838298304291
def_yards_allowed_diff,0.002959164,0.0036363636363636598,0.0011499191491521454
sched_spread_close_abs_prev_diff,0.0026452048,0.0036363636363636598,0.001626231256363494
epa_allowed_diff,0.0052970396,0.003272727272727294,0.002120346143580123
rushing_rush1stpct_diff,0.003114031,0.003272727272727294,0.0013606026860996238
sched_consecutive_away_prev_diff,0.0030785743,0.003272727272727294,0.0017814470856605048
sched_implied_prob_delta_diff,0.0030354657,0.003272727272727294,0.002909090909090928
receiving_rec1stpct_diff,0.0029614265,0.003272727272727294,0.0013606026860996238
rushing_td_diff,0.0027127787,0.003272727272727294,0.0007272727272727319
downs_3rdatt_diff,0.002637133,0.003272727272727294,0.0021203461435801226
passing_yds_per_att_diff,0.0026305998,0.003272727272727294,0.002909090909090928
sched_days_since_last_game_rolling3_diff,0.0026088567,0.003272727272727294,0.0024120907566221247
scoring_rectd_diff,0.0025725376,0.003272727272727294,0.002120346143580123
downs_rec1stpct_diff,0.0024743753,0.003272727272727294,0.0017814470856605045
sched_implied_prob_pct_change_diff,0.002527134,0.0032727272727272718,0.0031281182789245706
roster_yahoo_id_diff,0.0058654766,0.002909090909090928,0.001454545454545464
sched_prev_is_away_rolling3_diff,0.0040874393,0.002909090909090928,0.0027212053721992475
inj_questionable_diff,0.004044038,0.002909090909090928,0.0008907235428302523
sched_spread_close_pct_change_diff,0.003501086,0.002909090909090928,0.001854188914033752
snaps_defense_snaps_delta_diff,0.003284602,0.002909090909090928,0.001454545454545464
sched_rest_days_prev_diff,0.003260897,0.002909090909090928,0.0008907235428302523
sched_days_since_last_game_delta_diff,0.002934961,0.002909090909090928,0.0024663018120455677
inj_out_delta_diff,0.0029080564,0.002909090909090928,0.0018541889140337518
rush_plays_proxy_diff,0.0028916732,0.002909090909090928,0.0027212053721992475
altitude_ft_diff,0.0025487097,0.002909090909090928,0.0021818181818181958
sched_rest_days_rolling3_diff,0.0024165288,0.002909090909090928,0.001454545454545464
receiving_lng_diff,0.0027630564,0.0029090909090909054,0.004393834899488932
snaps_offense_pct_pct_change_diff,0.0055180737,0.0025454545454545617,0.001854188914033752
snaps_offense_snaps_delta_diff,0.0051543647,0.0025454545454545617,0.0008907235428302523
sched_days_since_last_game_prev_diff,0.0035804186,0.0025454545454545617,0.0018541889140337518
inj_qb_out_rolling3_diff,0.0033002298,0.0025454545454545617,0.0008907235428302523
snaps_defense_pct_diff,0.0032771488,0.0025454545454545617,0.0018541889140337518
passing_40+_diff,0.0032770222,0.0025454545454545617,0.001454545454545464
sched_spread_close_prev_diff,0.0031425927,0.0025454545454545617,0.001454545454545464
inj_listed_total_pct_change_diff,0.0031063193,0.0025454545454545617,0.003916483496097847
inj_out_rolling3_diff,0.0028510476,0.0025454545454545617,0.0027212053721992475
sched_implied_prob_prev_diff,0.0025236441,0.0025454545454545617,0.0024663018120455677
receiving_rec1st_diff,0.0020084367,0.0025454545454545617,0.0024663018120455677
roster_years_exp_pct_change_diff,0.0064013996,0.0021818181818181958,0.0007272727272727319
epa_per_play_allowed_diff,0.0049738004,0.0021818181818181958,0.0026721706284907566
inj_practice_limited_prev_diff,0.004656272,0.0021818181818181958,0.002120346143580123
inj_qb_questionable_delta_diff,0.0045989705,0.0021818181818181958,0.002120346143580123
snaps_defense_snaps_prev_diff,0.004296494,0.0021818181818181958,0.0013606026860996238
roster_years_exp_rolling3_diff,0.0041222223,0.0021818181818181958,0.0024120907566221247
rushing_att_diff,0.0036913424,0.0021818181818181958,0.0024120907566221247
scoring_rshtd_diff,0.0036586218,0.0021818181818181958,0.0017814470856605045
roster_entry_year_diff,0.0036072151,0.0021818181818181958,0.0017814470856605048
receiving_40+_diff,0.0035238867,0.0021818181818181958,0.0017814470856605045
pass_plays_proxy_diff,0.0032308148,0.0021818181818181958,0.0038825739098295926
sched_spread_close_delta_diff,0.0032276087,0.0021818181818181958,0.0013606026860996238
inj_practice_full_rolling3_diff,0.003019136,0.0021818181818181958,0.0037083778280675036
inj_practice_limited_diff,0.0029795526,0.0021818181818181958,0.0013606026860996238
inj_questionable_prev_diff,0.0026150837,0.0021818181818181958,0.0017814470856605048
sched_total_line_rolling3_diff,0.003210073,0.0021818181818181737,0.006443652780607048
roster_years_exp_prev_diff,0.020487709,0.0018181818181818299,0.0011499191491521454
roster_jersey_number_prev_diff,0.0045867846,0.0018181818181818299,0.0
roster_pff_id_rolling3_diff,0.004448929,0.0018181818181818299,0.0
receiving_recfum_diff,0.004407299,0.0018181818181818299,0.003449757447456436
sched_is_home_prev_diff,0.0041688066,0.0018181818181818299,0.0
snaps_offense_snaps_diff,0.0040219626,0.0018181818181818299,0.0011499191491521454
roster_pff_id_diff,0.0037582966,0.0018181818181818299,0.0
passing_lng_diff,0.0037520393,0.0018181818181818299,0.0025712973861329166
roster_jersey_number_diff,0.003148853,0.0018181818181818299,0.0011499191491521454
sched_total_line_pct_change_diff,0.0031472133,0.0018181818181818299,0.0030424000964875673
weather_rain_index_diff,0.0029714988,0.0018181818181818299,0.003983436781855779
snaps_st_pct_diff,0.0022470069,0.0018181818181818299,0.0011499191491521454
sched_back_to_back_travel_rolling3_diff,0.002197826,0.0018181818181818299,0.001626231256363494
sched_is_away_prev_diff,0.001823044,0.0018181818181818299,0.0
roster_active_skill_count_diff,0.008459891,0.001454545454545464,0.0007272727272727319
sched_days_since_last_game_diff,0.0045147315,0.001454545454545464,0.0017814470856605048
snaps_offense_snaps_prev_diff,0.0040260702,0.001454545454545464,0.0031281182789246118
roster_entry_year_rolling3_diff,0.0037657456,0.001454545454545464,0.000727272727272732
sched_long_rest_flag_rolling3_diff,0.0034593134,0.001454545454545464,0.0013606026860996238
passing_td_diff,0.003307901,0.001454545454545464,0.0007272727272727319
roster_total_players_diff,0.0032976118,0.001454545454545464,0.000727272727272732
sched_rest_days_pct_change_diff,0.002668591,0.001454545454545464,0.0021203461435801226
receiving_rec_diff,0.0021568683,0.001454545454545464,0.002909090909090928
roster_rookie_year_prev_diff,0.0006080463,0.001454545454545464,0.000727272727272732
sched_is_home_rolling3_diff,0.0004597397,0.001454545454545464,0.0007272727272727319
sched_implied_prob_diff,0.014513415,0.0014545454545454417,0.006340216645150078
yards_per_play_diff,0.0046805274,0.0010909090909090979,0.0008907235428302523
snaps_st_snaps_prev_diff,0.0042322725,0.0010909090909090979,0.001854188914033752
def_ypp_allowed_diff,0.0038585719,0.0010909090909090979,0.0027212053721992475
sched_prev_is_home_pct_change_diff,0.0034487834,0.0010909090909090979,0.0018541889140337518
sched_back_to_back_travel_delta_diff,0.0031124805,0.0010909090909090979,0.0029541957835040045
snaps_defense_snaps_pct_change_diff,0.0030732215,0.0010909090909090979,0.0033722249074530047
inj_questionable_rolling3_diff,0.0028705918,0.0010909090909090979,0.003372224907453005
receiving_yds_diff,0.0019758185,0.0010909090909090979,0.0008907235428302523
inj_doubtful_delta_diff,0.0017398527,0.0010909090909090979,0.0018541889140337518
sched_is_away_rolling3_diff,0.0013597753,0.0010909090909090979,0.0008907235428302523
roster_injured_pct_diff,0.0002663537,0.0010909090909090979,0.0008907235428302523
sched_spread_close_diff,0.013073834,0.000727272727272732,0.003372224907453005
roster_sleeper_id_diff,0.008502172,0.000727272727272732,0.0008907235428302523
roster_sleeper_id_rolling3_diff,0.0065930034,0.000727272727272732,0.0008907235428302523
snaps_st_pct_prev_diff,0.005774489,0.000727272727272732,0.0008907235428302523
snaps_st_pct_pct_change_diff,0.0047579217,0.000727272727272732,0.0008907235428302523
sched_prev_is_home_prev_diff,0.004115869,0.000727272727272732,0.0018541889140337518
ypp_diff,0.0037257196,0.000727272727272732,0.0027212053721992475
snaps_defense_snaps_rolling3_diff,0.0034938613,0.000727272727272732,0.0008907235428302523
indoor_diff,0.0031417804,0.000727272727272732,0.0008907235428302523
downs_rec1st_diff,0.0030776174,0.000727272727272732,0.0014545454545454638
snaps_offense_snaps_rolling3_diff,0.003048074,0.000727272727272732,0.002466301812045568
snaps_defense_snaps_diff,0.0028812934,0.000727272727272732,0.001454545454545464
passing_1stpct_diff,0.0028046255,0.000727272727272732,0.004240692287160245
receiving_20+_diff,0.0023135724,0.000727272727272732,0.001854188914033752
snaps_offense_pct_diff,0.002022379,0.000727272727272732,0.0008907235428302523
rushing_ypc_diff,0.0020223237,0.000727272727272732,0.0008907235428302523
sched_prev_is_home_diff,0.001747051,0.000727272727272732,0.0008907235428302523
sched_short_rest_flag_diff,0.0016877317,0.000727272727272732,0.0008907235428302523
sched_consecutive_away_delta_diff,0.00088184315,0.000727272727272732,0.0008907235428302523
roster_fantasy_data_id_rolling3_diff,0.009211124,0.000363636363636366,0.000727272727272732
snaps_defense_pct_prev_diff,0.007300657,0.000363636363636366,0.0007272727272727319
snaps_defense_pct_delta_diff,0.0059062294,0.000363636363636366,0.0007272727272727319
roster_yahoo_id_rolling3_diff,0.0057972856,0.000363636363636366,0.000727272727272732
snaps_defense_pct_pct_change_diff,0.0055896644,0.000363636363636366,0.0021203461435801226
inj_qb_questionable_diff,0.004596611,0.000363636363636366,0.0013606026860996238
snaps_st_snaps_diff,0.004439596,0.000363636363636366,0.000727272727272732
sched_prev_is_away_pct_change_diff,0.0034946855,0.000363636363636366,0.0021203461435801226
inj_listed_total_prev_diff,0.0034682618,0.000363636363636366,0.0021203461435801226
snaps_offense_pct_rolling3_diff,0.0033458858,0.000363636363636366,0.0007272727272727319
sched_short_rest_flag_rolling3_diff,0.003337904,0.000363636363636366,0.0013606026860996238
sched_rest_days_diff,0.00323384,0.000363636363636366,0.0017814470856605048
sched_short_rest_flag_delta_diff,0.0031167893,0.000363636363636366,0.000727272727272732
inj_qb_questionable_prev_diff,0.0030081582,0.000363636363636366,0.0007272727272727319
sched_long_rest_flag_prev_diff,0.002930354,0.000363636363636366,0.0013606026860996238
roster_jersey_number_rolling3_diff,0.0026859182,0.000363636363636366,0.000727272727272732
sched_consecutive_home_delta_diff,0.0022971209,0.000363636363636366,0.0017814470856605045
snaps_offense_snaps_pct_change_diff,0.002170537,0.000363636363636366,0.0013606026860996238
inj_questionable_delta_diff,0.0020860627,0.000363636363636366,0.0031281182789246118
sched_consecutive_away_rolling3_diff,0.0020278033,0.000363636363636366,0.000727272727272732
snaps_st_snaps_delta_diff,0.0019545893,0.000363636363636366,0.0007272727272727319
passing_1st_diff,0.0012269657,0.000363636363636366,0.0007272727272727319
roster_sleeper_id_pct_change_diff,0.02667176,0.0,0.0
roster_fantasy_data_id_diff,0.010280339,0.0,0.0
roster_height_prev_diff,0.008830466,0.0,0.0
roster_years_exp_diff,0.008075308,0.0,0.0
inj_qb_out_delta_diff,0.007251134,0.0,0.0
sched_is_home_delta_diff,0.006658783,0.0,0.0
roster_espn_id_diff,0.006565074,0.0,0.0
snaps_st_snaps_pct_change_diff,0.006203797,0.0,0.004599676596608582
roster_draft_number_rolling3_diff,0.0060985237,0.0,0.0
roster_weight_diff,0.0060359393,0.0,0.0
def_pass_yards_allowed_diff,0.005527925,0.0,0.0
inj_qb_doubtful_rolling3_diff,0.005415366,0.0,0.0
snaps_offense_pct_prev_diff,0.0054038116,0.0,0.0
sched_long_rest_flag_delta_diff,0.005004361,0.0,0.0
passing_att_diff,0.004794967,0.0,0.001626231256363494
snaps_st_pct_rolling3_diff,0.0046566376,0.0,0.0
def_rush_yards_allowed_diff,0.004431805,0.0,0.0
roster_injured_count_diff,0.003971546,0.0,0.0
sched_consecutive_away_diff,0.0039028795,0.0,0.0
roof_is_dome,0.0038486023,0.0,0.0
roster_draft_number_diff,0.003828295,0.0,0.0
sched_consecutive_home_diff,0.0036098266,0.0,0.0
roster_rotowire_id_rolling3_diff,0.0035842573,0.0,0.0
roster_weight_rolling3_diff,0.0035573,0.0,0.0
def_rush_ypc_allowed_diff,0.0035019717,0.0,0.0
sched_consecutive_away_pct_change_diff,0.003449988,0.0,0.0
roster_height_diff,0.0034419266,0.0,0.0
sched_consecutive_home_rolling3_diff,0.0034402618,0.0,0.001626231256363494
inj_doubtful_rolling3_diff,0.003119317,0.0,0.0011499191491521454
roster_gsis_it_id_pct_change_diff,0.0028885603,0.0,0.0
downs_rush1stpct_diff,0.0028449518,0.0,0.0025712973861329166
roster_gsis_it_id_rolling3_diff,0.0028280932,0.0,0.0
roster_height_rolling3_diff,0.0027553677,0.0,0.0
receiving_td_diff,0.0027346893,0.0,0.0
inj_out_diff,0.002592845,0.0,0.0025712973861329166
roster_espn_id_rolling3_diff,0.0025518315,0.0,0.0011499191491521454
roster_status_ir_count_diff,0.002495886,0.0,0.0
inj_doubtful_prev_diff,0.0019566512,0.0,0.0
sched_short_rest_flag_prev_diff,0.0019040538,0.0,0.0011499191491521454
snaps_offense_pct_delta_diff,0.001750176,0.0,0.0011499191491521454
def_pass_ypp_allowed_diff,0.0013450857,0.0,0.0
roster_status_pup_count_diff,0.0011563962,0.0,0.0
sched_back_to_back_travel_prev_diff,0.0011269607,0.0,0.0
inj_qb_out_prev_diff,0.00078499055,0.0,0.0
roster_gsis_it_id_diff,0.000557037,0.0,0.0
inj_qb_out_diff,0.00042054147,0.0,0.0
sched_back_to_back_travel_diff,0.00016283865,0.0,0.0
inj_qb_doubtful_diff,0.0,0.0,0.0
news_count7_diff,0.0,0.0,0.0
news_count3_diff,0.0,0.0,0.0
news_rotowire7_diff,0.0,0.0,0.0
news_injury_kw7_diff,0.0,0.0,0.0
team_news_count7_diff,0.0,0.0,0.0
team_news_count3_diff,0.0,0.0,0.0
team_news_story7_diff,0.0,0.0,0.0
team_news_injury_kw7_diff,0.0,0.0,0.0
team_news_count7_pre_diff,0.0,0.0,0.0
team_news_count7_post_diff,0.0,0.0,0.0
def_pass_rate_allowed_diff,0.0,0.0,0.0
def_pass_plays_allowed_diff,0.0,0.0,0.0
def_rush_plays_allowed_diff,0.0,0.0,0.0
sched_short_rest_flag_pct_change_diff,0.0,0.0,0.0
roster_entry_year_delta_diff,0.0,0.0,0.0
roster_rookie_year_pct_change_diff,0.0,0.0,0.0
roster_jersey_number_pct_change_diff,0.0,0.0,0.0
inj_qb_doubtful_prev_diff,0.0,0.0,0.0
roster_fantasy_data_id_prev_diff,0.0,0.0,0.0
roster_practice_count_diff,0.0,0.0,0.0
roster_weight_delta_diff,0.0,0.0,0.0
roster_rotowire_id_pct_change_diff,0.0,0.0,0.0
roster_weight_prev_diff,0.0,0.0,0.0
roster_espn_id_prev_diff,0.0,0.0,0.0
roster_status_sus_count_diff,0.0,0.0,0.0
roster_pff_id_prev_diff,0.0,0.0,0.0
roster_sleeper_id_delta_diff,0.0,0.0,0.0
def_allowed_from_proxy_diff,0.0,0.0,0.0
roster_espn_id_pct_change_diff,0.0,0.0,0.0
roster_active_count_diff,0.0,0.0,0.0
roster_height_delta_diff,0.0,0.0,0.0
roster_yahoo_id_pct_change_diff,0.0,0.0,0.0
roster_status_pra_count_diff,0.0,0.0,0.0
roster_sleeper_id_prev_diff,0.0,0.0,0.0
roster_status_ird_count_diff,0.0,0.0,0.0
roster_height_pct_change_diff,0.0,0.0,0.0
roster_entry_year_pct_change_diff,0.0,0.0,0.0
roster_espn_id_delta_diff,0.0,0.0,0.0
roster_weight_pct_change_diff,0.0,0.0,0.0
roster_years_exp_delta_diff,0.0,0.0,0.0
roster_status_pra_ir_count_diff,0.0,0.0,0.0
roster_rookie_year_delta_diff,0.0,0.0,0.0
inj_doubtful_pct_change_diff,0.0,0.0,0.0
roster_rookie_year_diff,0.0,0.0,0.0
roster_active_pct_diff,0.0,0.0,0.0
roster_entry_year_prev_diff,0.0,0.0,0.0
roster_rookie_year_rolling3_diff,0.0,0.0,0.0
roster_yahoo_id_delta_diff,0.0,0.0,0.0
roster_rotowire_id_delta_diff,0.0,0.0,0.0
roster_rotowire_id_prev_diff,0.0,0.0,0.0
roster_jersey_number_delta_diff,0.0,0.0,0.0
roster_status_act_count_diff,0.0,0.0,0.0
roster_gsis_it_id_prev_diff,0.0,0.0,0.0
sched_is_away_delta_diff,0.0,0.0,0.0
roster_gsis_it_id_delta_diff,0.0,0.0,0.0
sched_prev_is_away_diff,0.0,0.0,0.0
roster_status_non_count_diff,0.0,0.0,0.0
roster_yahoo_id_prev_diff,0.0,0.0,0.0
roster_rotowire_id_diff,0.00693957,-0.000363636363636366,0.0007272727272727319
inj_qb_doubtful_delta_diff,0.0066027236,-0.000363636363636366,0.000727272727272732
snaps_defense_pct_rolling3_diff,0.0048819673,-0.000363636363636366,0.0013606026860996238
sched_rest_days_delta_diff,0.0045236503,-0.000363636363636366,0.0013606026860996238
sched_days_since_last_game_pct_change_diff,0.004172069,-0.000363636363636366,0.003525585350848262
scoring_tottd_diff,0.0040561343,-0.000363636363636366,0.0017814470856605045
sched_moneyline_rolling3_diff,0.004014543,-0.000363636363636366,0.003525585350848262
downs_rush1st_diff,0.0032297042,-0.000363636363636366,0.0021203461435801234
yards_proxy_diff,0.0030048506,-0.000363636363636366,0.0013606026860996238
sched_total_line_prev_diff,0.002183505,-0.000363636363636366,0.002672170628490757
sched_prev_is_away_prev_diff,0.004897182,-0.000727272727272732,0.0014545454545454638
passing_cmp_diff,0.002595368,-0.000727272727272732,0.0024663018120455677
rush_yards_proxy_diff,0.0024091648,-0.000727272727272732,0.0008907235428302523
sched_consecutive_home_pct_change_diff,0.0019702015,-0.000727272727272732,0.0014545454545454638
sched_long_rest_flag_diff,0.0011829967,-0.000727272727272732,0.0008907235428302523
pass_yards_proxy_diff,0.0011114761,-0.000727272727272732,0.0008907235428302523
snaps_st_pct_delta_diff,0.0053089433,-0.0010909090909090979,0.0008907235428302523
rushing_rushyds_diff,0.003077473,-0.0010909090909090979,0.0008907235428302523
inj_practice_full_prev_diff,0.0027496596,-0.0010909090909090979,0.0027212053721992475
sched_prev_is_away_delta_diff,0.0018016662,-0.0010909090909090979,0.0008907235428302523
snaps_st_snaps_rolling3_diff,0.0038655351,-0.001454545454545464,0.0021203461435801226
sched_moneyline_prev_diff,0.002713299,-0.001454545454545464,0.001360602686099624
sched_total_line_delta_diff,0.0025250935,-0.001454545454545464,0.0017814470856605045
inj_practice_limited_delta_diff,0.0026663,-0.0018181818181818299,0.0025712973861329166
downs_4thmd_diff,0.0034349642,-0.002909090909090928,0.0021818181818181958
passing_passyds_diff,0.0033437954,-0.0036363636363636598,0.00199171839092789
sched_moneyline_diff,0.021194205,-0.004000000000000026,0.0017814470856605045
downs_4thatt_diff,0.004640197,-0.007272727272727297,0.002571297386132885
