scope,season,edge_bin,min_edge,max_edge,n_bets,home_bets,away_bets,wins,losses,pushes,hit_rate,avg_abs_edge_points,avg_signed_edge_points,avg_odds_decimal,avg_odds_american,total_profit,roi
overall,all,0-1,0.0,1.0,488,239,249,246,234,8,0.5125,0.5228453809837601,-0.03128967919562638,1.9358187872059542,-75.68237704918033,-3.586482976772988,-0.00734935036223973
overall,all,1-2,1.0,2.0,554,248,306,270,271,13,0.49907578558225507,1.505214072325027,-0.18610247716811928,1.9356205322763431,-79.10108303249098,-17.980156486440425,-0.03245515611270835
overall,all,2-3,2.0,3.0,512,202,310,253,245,14,0.5080321285140562,2.4702019150781096,-0.5305949811842718,1.9313872879555718,-80.791015625,-9.411417048316139,-0.01838167392249246
overall,all,3-5,3.0,5.0,450,154,296,236,202,12,0.5388127853881278,3.8358319583844285,-1.251097572996251,1.9258949295360384,-86.12,15.78741475676322,0.035083143903918264
overall,all,5-7,5.0,7.0,150,44,106,73,74,3,0.4965986394557823,5.793407599983884,-2.338255042884553,1.9098996734953373,-103.58,-8.096566829002619,-0.053977112193350794
overall,all,7-10,7.0,10.0,76,20,56,39,34,3,0.5342465753424658,8.244134104184484,-3.752638582611497,1.9196256326326193,-95.9342105263158,1.5134103030503065,0.019913293461188242
overall,all,10+,10.0,,21,7,14,5,16,0,0.23809523809523808,11.64477371199673,-3.9539602464377026,1.937945073434914,-78.38095238095238,-11.240867601856039,-0.5352794096121923
season,2018,0-1,0.0,1.0,64,30,34,42,22,0,0.65625,0.5190015455581187,-0.021701765930422594,1.9461190380207483,-62.390625,17.9988047182175,0.28123132372214843
season,2018,1-2,1.0,2.0,67,33,34,30,34,3,0.46875,1.4183124414983852,-0.07892312440479336,1.9393128802195458,-85.98507462686567,-5.745057801853141,-0.0857471313709424
season,2018,2-3,2.0,3.0,54,16,38,25,26,3,0.49019607843137253,2.469969108422347,-0.9759897812359426,1.945469193341259,-61.7962962962963,-2.3987732218481086,-0.04442172633052053
season,2018,3-5,3.0,5.0,37,18,19,18,17,2,0.5142857142857142,3.791275571765412,-0.11826833589711404,1.9318686103191198,-70.08108108108108,0.06828035519388287,0.0018454150052400775
season,2018,5-7,5.0,7.0,22,10,12,9,12,1,0.42857142857142855,5.686950978109863,-0.4058010185740679,1.914024216523751,-91.86363636363636,-3.888988891781999,-0.17677222235372722
season,2018,7-10,7.0,10.0,18,3,15,9,9,0,0.5,8.163324815797163,-5.368958290300779,1.897132753346226,-111.94444444444444,-1.0125106122619854,-0.056250589570110296
season,2018,10+,10.0,,3,1,2,2,1,0,0.6666666666666666,11.144002825117434,-3.4549565827217337,1.9075423318819544,-45.0,0.9533962264150941,0.31779874213836473
season,2019,0-1,0.0,1.0,61,29,32,27,30,4,0.47368421052631576,0.4835187265265745,-0.019354393356235806,1.948428261190775,-63.19672131147541,-4.523994790207505,-0.07416384901979516
season,2019,1-2,1.0,2.0,63,26,37,32,30,1,0.5161290322580645,1.5386884234792688,-0.32336453038708596,1.9474333515675983,-64.68253968253968,0.25996854853906104,0.004126484897445414
season,2019,2-3,2.0,3.0,48,19,29,22,25,1,0.46808510638297873,2.4980256944678394,-0.48505053534673276,1.9391277048994298,-77.70833333333333,-4.532487571772231,-0.09442682441192148
season,2019,3-5,3.0,5.0,48,21,27,27,18,3,0.6,3.871237951582829,-0.5003941380195953,1.931988426638928,-99.25,7.3910043171466135,0.15397925660722112
season,2019,5-7,5.0,7.0,22,8,14,12,9,1,0.5714285714285714,5.786879000606259,-1.4558204074904701,1.9060747162193556,-110.54545454545455,1.8329883826446935,0.08331765375657697
season,2019,7-10,7.0,10.0,15,5,10,9,6,0,0.6,8.346527856867025,-2.775077412695826,1.9232024010231517,-95.2,2.2250433541063908,0.14833622360709273
season,2019,10+,10.0,,9,4,5,3,6,0,0.3333333333333333,11.856292243368623,-1.4583057800086796,1.9557406908401296,-60.333333333333336,-3.194263828271132,-0.3549182031412369
season,2020,0-1,0.0,1.0,63,37,26,35,28,0,0.5555555555555556,0.4972897892537295,0.0508634086949335,1.9459675559599645,-80.68253968253968,5.369039466714671,0.08522284867801065
season,2020,1-2,1.0,2.0,76,34,42,46,30,0,0.6052631578947368,1.4549756867528034,-0.17840131861726932,1.9424729981210613,-82.75,12.76258207202676,0.16792871147403632
season,2020,2-3,2.0,3.0,48,24,24,30,18,0,0.625,2.4668975755405054,-0.0487927923201474,1.9423423367581922,-77.39583333333333,10.369083963254479,0.21602258256780163
season,2020,3-5,3.0,5.0,52,20,32,23,29,0,0.4423076923076923,3.838648216245203,-0.9654345279491043,1.9294730351990714,-77.21153846153847,-8.203488625858402,-0.1577593966511231
season,2020,5-7,5.0,7.0,15,5,10,8,7,0,0.5333333333333333,5.733023710715871,-1.9693415088730875,1.8896512326042627,-112.6,0.228672495480839,0.015244833032055934
season,2020,7-10,7.0,10.0,11,3,8,7,4,0,0.6363636363636364,8.254109316214475,-3.573796478668798,1.9259503053883764,-90.18181818181819,2.441195339784765,0.2219268490713423
season,2020,10+,10.0,,3,1,2,0,3,0,0.0,11.674151004228817,-3.8372897326955955,1.9413541684019968,-106.33333333333333,-3.0,-1.0
season,2021,0-1,0.0,1.0,55,24,31,28,26,1,0.5185185185185185,0.5232677841623775,-0.09849202208899616,1.9404633415976063,-81.27272727272727,0.29180201907538983,0.005305491255916179
season,2021,1-2,1.0,2.0,70,26,44,38,32,0,0.5428571428571428,1.4922222766884834,-0.4264697230216438,1.9500951822440389,-62.8,4.096534531445298,0.05852192187778996
season,2021,2-3,2.0,3.0,58,22,36,34,24,0,0.5862068965517241,2.480335958744131,-0.622820235701512,1.9457057602734626,-64.84482758620689,8.056729551757467,0.13890913020271495
season,2021,3-5,3.0,5.0,58,15,43,35,23,0,0.603448275862069,3.901478957045354,-2.02908179567586,1.9298009405370455,-83.74137931034483,9.620003431420647,0.16586212812794218
season,2021,5-7,5.0,7.0,26,8,18,10,15,1,0.4,6.018332770906879,-2.319939974243715,1.9270402366712784,-93.0,-5.718709113101904,-0.2199503505039194
season,2021,7-10,7.0,10.0,14,3,11,5,7,2,0.4166666666666667,8.082011741926822,-4.38522521029242,1.9263906549990826,-93.92857142857143,-2.424660503863365,-0.17319003599024035
season,2021,10+,10.0,,3,0,3,0,3,0,0.0,12.01418040617902,-12.01418040617902,1.9147526731624591,-109.33333333333333,-3.0,-1.0
season,2022,0-1,0.0,1.0,63,30,33,28,34,1,0.45161290322580644,0.567107983317794,-0.06276770835138555,1.9560603722708603,-57.34920634920635,-7.462667451240053,-0.11845503890857227
season,2022,1-2,1.0,2.0,60,25,35,34,24,2,0.5862068965517241,1.4802695639231718,-0.23893605783905708,1.9649902327137359,-47.3,8.900258170588573,0.14833763617647622
season,2022,2-3,2.0,3.0,63,24,39,28,30,5,0.4827586206896552,2.5021498751344207,-0.6484760091629352,1.9528624473584189,-60.95238095238095,-3.2148352487243477,-0.0510291309321325
season,2022,3-5,3.0,5.0,72,19,53,36,35,1,0.5070422535211268,3.9170642388619714,-1.8654067153387568,1.9390742145005295,-73.59722222222223,-1.7418610249799498,-0.024192514235832636
season,2022,5-7,5.0,7.0,16,4,12,11,5,0,0.6875,5.77416556754018,-2.893668878768304,1.8737725064362452,-114.75,4.504459662847418,0.2815287289279636
season,2022,7-10,7.0,10.0,8,1,7,5,2,1,0.7142857142857143,8.34658908824185,-6.160087740215597,1.9365026571391049,-82.125,2.6999741952637972,0.33749677440797465
season,2022,10+,10.0,,0,0,0,0,0,0,,,,,,0.0,
season,2023,0-1,0.0,1.0,51,29,22,25,25,1,0.5,0.5405383124749138,0.0781406669009665,1.92585792219085,-88.6078431372549,-1.671175240407977,-0.03276814196878386
season,2023,1-2,1.0,2.0,72,33,39,26,43,3,0.37681159420289856,1.5317426531332907,-0.08711593214690803,1.9180506465235325,-86.94444444444444,-19.03887712957563,-0.2644288490218838
season,2023,2-3,2.0,3.0,78,28,50,35,38,5,0.4794520547945205,2.446897496945568,-0.657482558471258,1.911576222098444,-99.7051282051282,-6.18409037125193,-0.07928320988784525
season,2023,3-5,3.0,5.0,59,19,40,28,26,5,0.5185185185185185,3.7809920709751776,-1.3608792757698571,1.9138596013662044,-99.42372881355932,-0.6004261146334908,-0.010176713807347302
season,2023,5-7,5.0,7.0,20,3,17,10,10,0,0.5,5.724038800272783,-3.8696714749745285,1.9131872555785594,-109.55,-0.9215603237342365,-0.046078016186711826
season,2023,7-10,7.0,10.0,4,2,2,1,3,0,0.25,8.457164484731953,0.897441587575168,1.9278573089314777,-108.0,-2.130434782608696,-0.532608695652174
season,2023,10+,10.0,,1,0,1,0,1,0,0.0,11.003762672291383,-11.003762672291383,1.925925925925926,-108.0,-1.0,-1.0
season,2024,0-1,0.0,1.0,58,26,32,26,31,1,0.45614035087719296,0.5382725508951485,-0.07775456613234155,1.9060835199114516,-103.67241379310344,-7.274762647665678,-0.12542694220113237
season,2024,1-2,1.0,2.0,69,33,36,26,41,2,0.3880597014925373,1.5943898197041664,-0.08244039991052976,1.9127334885492042,-101.10144927536231,-16.98907450328188,-0.24621847106205624
season,2024,2-3,2.0,3.0,86,38,48,41,45,0,0.47674418604651164,2.4549039372720896,-0.2746465365139412,1.9151560436768265,-102.46511627906976,-7.523049621655977,-0.08747732118204624
season,2024,3-5,3.0,5.0,57,17,40,31,25,1,0.5535714285714286,3.6929903792388954,-1.4653856256172708,1.9234220291799804,-94.42105263157895,3.621180444070471,0.06352948147492055
season,2024,5-7,5.0,7.0,12,3,9,6,6,0,0.5,5.874599356608919,-2.8678007562050243,1.9292277041104835,-91.16666666666667,-0.42554272477546107,-0.03546189373128842
season,2024,7-10,7.0,10.0,1,0,1,1,0,0,1.0,7.426265423465983,-7.426265423465983,1.8928571428571428,-112.0,0.8928571428571428,0.8928571428571428
season,2024,10+,10.0,,2,1,1,0,2,0,0.0,11.166426191373294,-0.49268515901659615,1.939153439153439,-106.5,-2.0,-1.0
season,2025,0-1,0.0,1.0,70,32,38,35,35,0,0.5,0.5212144369412396,-0.1028964741253406,1.9135569191076092,-81.24285714285715,-3.313529051259339,-0.047336129303704844
season,2025,1-2,1.0,2.0,67,33,34,34,32,1,0.5151515151515151,1.521405493299403,-0.09585456241442712,1.9149347077844516,-91.7910447761194,-0.9235803214194123,-0.013784780916707646
season,2025,2-3,2.0,3.0,70,30,40,35,35,0,0.5,2.4570709374078517,-0.4144400418462794,1.918115764392138,-83.47142857142858,-2.8259406978477495,-0.04037058139782499
season,2025,3-5,3.0,5.0,57,25,32,31,26,0,0.543859649122807,3.8821771943730186,-0.5498423184349118,1.911527452304473,-85.45614035087719,2.3547027946004935,0.041310575343868304
season,2025,5-7,5.0,7.0,15,3,12,7,8,0,0.4666666666666667,5.708494940354572,-3.3795634113866466,1.9130240195197499,-109.73333333333333,-1.7078863165819693,-0.11385908777213129
season,2025,7-10,7.0,10.0,5,3,2,2,3,0,0.4,8.489084889400658,1.3777986683436927,1.9287784679089026,-68.0,-1.1780538302277432,-0.23561076604554865
season,2025,10+,10.0,,0,0,0,0,0,0,,,,,,0.0,
season,2026,0-1,0.0,1.0,3,2,1,0,3,0,0.0,0.44291480375719655,0.39818122418779583,2.0,100.0,-3.0,-1.0
season,2026,1-2,1.0,2.0,10,5,5,4,5,1,0.4444444444444444,1.5841869775437498,-0.1310422914689005,1.9298603499370763,-107.7,-1.302910052910053,-0.1302910052910053
season,2026,2-3,2.0,3.0,7,1,6,3,4,0,0.42857142857142855,2.5112992826361316,-1.777870796206676,1.9355223037831732,-78.57142857142857,-1.1580538302277434,-0.1654362614611062
season,2026,3-5,3.0,5.0,10,0,10,7,3,0,0.7,3.7240567606839257,-3.7240567606839257,1.9053902479982934,-110.7,3.2780191798029588,0.3278019179802959
season,2026,5-7,5.0,7.0,2,0,2,0,2,0,0.0,5.562415645393379,-5.562415645393379,1.9523809523809523,-105.0,-2.0,-1.0
season,2026,7-10,7.0,10.0,0,0,0,0,0,0,,,,,,0.0,
season,2026,10+,10.0,,0,0,0,0,0,0,,,,,,0.0,
