season,week,game_id,home_team_x,away_team_x,home_win_prob,pred_home_margin,prediction_source,prediction_made_at,home_team_actual,away_team_actual,home_score,away_score,home_margin,actual_home_win,predicted_home_win,prob_error_sq,margin_error,abs_margin_error,sq_margin_error,log_loss_component,misclassified,home_team_y,away_team_y,weather_wind_mph,weather_temp_f,weather_temp_kickoff_f,wind,temp,inj_qb_questionable_home,inj_qb_questionable_away,inj_qb_doubtful_home,inj_qb_doubtful_away,inj_qb_out_home,inj_qb_out_away,inj_qb_reserve_home,inj_qb_reserve_away,inj_practice_limited_home,inj_practice_limited_away,inj_practice_limited_rolling3_home,inj_practice_limited_rolling3_away,inj_qb_questionable_rolling3_home,inj_qb_questionable_rolling3_away,inj_qb_doubtful_rolling3_home,inj_qb_doubtful_rolling3_away,inj_qb_reserve_rolling3_home,inj_qb_reserve_rolling3_away,home_rest,away_rest,sched_rest_days_home,sched_rest_days_away,sched_back_to_back_travel_home,sched_back_to_back_travel_away,roof_is_dome,home_indoor,away_indoor,away_travel_distance_km,away_travel_distance_miles,home_travel_distance_km,timezone_diff_hours,timezone_diff_hours_abs,away_travel_east,away_travel_west,travel_km_short_rest,travel_km_back_to_back,travel_km_per_rest_day,timezone_diff_short_rest,weather_wind_mph_wx,weather_temp_f_wx,weather_temp_kickoff_f_wx,wind_mph,temp_f,qb_uncertain,qb_uncertainty_score,short_rest,back_to_back_travel,indoor_game,outdoor_game,log_loss_per_game,weather_temp_deviation,wind_temp_interaction,weather_temp_delta,wind_mph_delta,qb_uncertainty_recent,qb_uncertainty_trend,rest_diff,rest_days_diff,travel_timezone_product,travel_short_rest_flag,travel_rest_pressure,high_error,stable_label,volatility_prob,volatility_label,volatility_threshold
2025,2,2025_02_PHI_KC,KC,PHI,0.5335066676139831,1.422924029827118,w02_predictions_history_2025.csv,2025-10-30 17:34:21.240134+00:00,KC,PHI,17.0,20.0,-3.0,0.0,1,0.284629364388577,4.422924029827118,4.422924029827118,19.56225697362215,-0.7625115516457207,True,KC,PHI,,,,12.0,88.0,,,,,,,,,,,,,,,,,,,9.0,10.0,9.0,10.0,0.0,0.0,0,0,0,1657.4389983193887,1029.884527824717,0.0,-1.0,1.0,0.0,1.0,0.0,0.0,0.0,0.0,,,,12.0,88.0,0.0,0.0,0.0,0.0,0.0,1.0,0.7625115516457207,28.0,336.0,0.0,0.0,0.0,0.0,-1.0,-1.0,1657.4389983193887,0.0,0.0,1,0,1.0,1,0.8
2025,5,2025_05_DET_CIN,CIN,DET,0.4755742772521489,-1.4784613283600727,w05_predictions_history_2025.csv,2025-10-30 17:34:21.240134+00:00,CIN,DET,24.0,37.0,-13.0,0.0,0,0.2261708931839038,11.521538671639927,11.521538671639927,132.74585336209435,-0.6454514765262336,False,CIN,DET,,,,7.0,84.0,,,,,,,,,,,,,,,,,,,6.0,7.0,6.0,7.0,0.0,0.0,0,0,1,381.4547015862279,237.024889379336,0.0,0.0,0.0,0.0,0.0,0.0,0.0,0.0,0.0,,,,7.0,84.0,0.0,0.0,1.0,0.0,1.0,0.0,0.6454514765262336,24.0,168.0,0.0,0.0,0.0,0.0,-1.0,-1.0,0.0,0.0,0.0,1,0,0.5952084070409513,0,0.8
2025,5,2025_05_HOU_BAL,BAL,HOU,0.5248699188232422,2.327981472015381,w05_predictions_history_2025.csv,2025-10-30 17:34:21.240134+00:00,BAL,HOU,10.0,44.0,-34.0,0.0,1,0.2754884316855168,36.32798147201538,36.32798147201538,1319.7222378310928,-0.7441666573299978,True,BAL,HOU,,,,2.0,78.0,,,,,,,,,,,,,,,,,,,7.0,7.0,7.0,7.0,0.0,0.0,0,0,1,2019.4449970190258,1254.824557242709,0.0,1.0,1.0,1.0,0.0,0.0,0.0,0.0,0.0,,,,2.0,78.0,0.0,0.0,0.0,0.0,1.0,0.0,0.7441666573299978,18.0,36.0,0.0,0.0,0.0,0.0,0.0,0.0,2019.4449970190258,0.0,0.0,0,1,0.0,0,0.8
2025,5,2025_05_KC_JAX,JAX,KC,0.5364656656980514,0.4654951632022858,w05_predictions_history_2025.csv,2025-10-30 17:34:21.240134+00:00,JAX,KC,31.0,28.0,3.0,1.0,1,0.2148640790767506,-2.5345048367977143,2.5345048367977143,6.423714767751009,-0.6227527157942148,False,JAX,KC,,,,12.0,80.0,,,,,,,,,,,,,,,,,,,8.0,8.0,8.0,8.0,0.0,0.0,0,0,0,1520.7087764454202,944.9243331286672,0.0,1.0,1.0,1.0,0.0,0.0,0.0,0.0,0.0,,,,12.0,80.0,0.0,0.0,0.0,0.0,0.0,1.0,0.6227527157942148,20.0,240.0,0.0,0.0,0.0,0.0,0.0,0.0,1520.7087764454202,0.0,0.0,1,0,0.9993279647917486,1,0.8
2025,4,2025_04_BAL_KC,KC,BAL,0.5274386584758759,1.7321537375450136,w04_predictions_history_2025.csv,2025-10-30 17:34:21.240134+00:00,KC,BAL,37.0,20.0,17.0,1.0,1,0.2233142215030798,-15.267846262454986,15.267846262454986,233.10712949396068,-0.6397227076433263,False,KC,BAL,,,,10.0,89.0,,,,,,,,,,,,,,,,,,,7.0,6.0,7.0,6.0,0.0,0.0,0,0,0,1537.614493076069,955.4290551771701,0.0,-1.0,1.0,0.0,1.0,0.0,0.0,0.0,0.0,,,,10.0,89.0,0.0,0.0,1.0,0.0,0.0,1.0,0.6397227076433263,29.0,290.0,0.0,0.0,0.0,0.0,1.0,1.0,1537.614493076069,0.0,1537.614493076069,1,0,1.0,1,0.8
2025,2,2025_02_NYG_DAL,DAL,NYG,0.5864519476890564,1.454670000076294,w02_predictions_history_2025.csv,2025-10-30 17:34:21.240134+00:00,DAL,NYG,40.0,37.0,3.0,1.0,1,0.1710219915701749,-1.545329999923706,1.545329999923706,2.388044808664201,-0.5336645448690486,False,DAL,NYG,,,,,,,,,,,,,,,,,,,,,,,,10.0,7.0,10.0,7.0,0.0,1.0,1,0,0,2229.039273710148,1385.0603625445483,0.0,-1.0,1.0,0.0,1.0,0.0,0.0,0.0,0.0,,,,0.0,0.0,0.0,0.0,0.0,1.0,1.0,0.0,0.5336645448690486,0.0,0.0,0.0,0.0,0.0,0.0,3.0,3.0,2229.039273710148,0.0,0.0,1,0,1.0,1,0.8
2025,2,2025_02_SEA_PIT,PIT,SEA,0.6082534475365762,0.4887838895732629,w02_predictions_history_2025.csv,2025-10-30 17:34:21.240134+00:00,PIT,SEA,17.0,31.0,-14.0,0.0,1,0.3699722564401304,14.488783889573265,14.488783889573263,209.9248585987577,-0.9371401981333612,True,PIT,SEA,,,,5.0,79.0,,,,,,,,,,,,,,,,,,,7.0,7.0,7.0,7.0,0.0,0.0,0,0,0,3430.380441040567,2131.538925029818,0.0,3.0,3.0,1.0,0.0,0.0,0.0,0.0,0.0,,,,5.0,79.0,0.0,0.0,0.0,0.0,0.0,1.0,0.9371401981333611,19.0,95.0,0.0,0.0,0.0,0.0,0.0,0.0,10291.141323121701,0.0,0.0,1,0,0.9916892667342203,1,0.8
2025,5,2025_05_DEN_PHI,PHI,DEN,0.5936183989048004,0.919289380311966,w05_predictions_history_2025.csv,2025-10-30 17:34:21.240134+00:00,PHI,DEN,17.0,21.0,-4.0,0.0,1,0.3523828035182987,4.919289380311966,4.919289380311966,24.199408007250085,-0.9004626566383837,True,PHI,DEN,,,,6.0,80.0,,,,,,,,,,,,,,,,,,,7.0,6.0,7.0,6.0,0.0,0.0,0,0,0,2537.5115764196566,1576.7361057514586,0.0,2.0,2.0,1.0,0.0,0.0,0.0,0.0,0.0,,,,6.0,80.0,0.0,0.0,1.0,0.0,0.0,1.0,0.9004626566383837,20.0,120.0,0.0,0.0,0.0,0.0,1.0,1.0,5075.023152839313,0.0,2537.5115764196566,1,0,1.0,1,0.8
2025,1,2025_01_MIA_IND,IND,MIA,0.5271914392709732,1.860723376274109,w01_predictions_history_2025.csv,2025-10-30 17:34:21.240134+00:00,IND,MIA,33.0,8.0,25.0,1.0,1,0.2235479350986538,-23.13927662372589,23.13927662372589,535.4261226693075,-0.6401915340308133,False,IND,MIA,,,,,,,,,,,,,,,,,,,,,,,,7.0,7.0,7.0,7.0,0.0,0.0,1,1,0,1630.4068037079178,1013.0875060267925,0.0,0.0,0.0,0.0,0.0,0.0,0.0,0.0,0.0,,,,0.0,0.0,0.0,0.0,0.0,0.0,1.0,0.0,0.6401915340308133,0.0,0.0,0.0,0.0,0.0,0.0,0.0,0.0,0.0,0.0,0.0,1,0,1.0,1,0.8
2025,1,2025_01_MIN_CHI,CHI,MIN,0.526829183101654,2.052567481994629,w01_predictions_history_2025.csv,2025-10-30 17:34:21.240134+00:00,CHI,MIN,24.0,27.0,-3.0,0.0,1,0.2775489881675561,5.052567481994629,5.052567481994629,25.528438160109545,-0.7482988205921455,True,CHI,MIN,,,,6.0,68.0,,,,,,,,,,,,,,,,,,,7.0,7.0,7.0,7.0,0.0,0.0,0,0,1,571.9881299076998,355.4168362688773,0.0,0.0,0.0,0.0,0.0,0.0,0.0,0.0,0.0,,,,6.0,68.0,0.0,0.0,0.0,0.0,1.0,0.0,0.7482988205921455,8.0,48.0,0.0,0.0,0.0,0.0,0.0,0.0,0.0,0.0,0.0,0,1,0.2,0,0.8
2025,1,2025_01_LV_NE,NE,LV,0.624018669128418,3.1687262058258057,w01_predictions_history_2025.csv,2025-10-30 17:34:21.240134+00:00,NE,LV,13.0,20.0,-7.0,0.0,1,0.389399299420802,10.168726205825806,10.168726205825806,103.40299264904849,-0.9782157887622226,True,NE,LV,,,,4.0,62.0,,,,,,,,,,,,,,,,,,,7.0,7.0,7.0,7.0,0.0,0.0,0,0,1,3805.9299271119994,2364.89448473951,0.0,3.0,3.0,1.0,0.0,0.0,0.0,0.0,0.0,,,,4.0,62.0,0.0,0.0,0.0,0.0,1.0,0.0,0.9782157887622226,2.0,8.0,0.0,0.0,0.0,0.0,0.0,0.0,11417.789781335998,0.0,0.0,0,1,0.2,0,0.8
2025,1,2025_01_KC_LAC,LAC,KC,0.5036760926246643,0.5299831032752991,w01_predictions_history_2025.csv,2025-10-30 17:34:21.240134+00:00,LAC,KC,27.0,21.0,6.0,1.0,1,0.2463374210323208,-5.470016896724701,5.470016896724701,29.921084850453727,-0.6858218908775796,False,LAC,KC,,,,,,,,,,,,,,,,,,,,,,,,7.0,7.0,7.0,7.0,0.0,0.0,1,1,0,2199.118387404246,1366.4683914997636,0.0,-2.0,2.0,0.0,1.0,0.0,0.0,0.0,0.0,,,,0.0,0.0,0.0,0.0,0.0,0.0,1.0,0.0,0.6858218908775796,0.0,0.0,0.0,0.0,0.0,0.0,0.0,0.0,4398.236774808492,0.0,0.0,1,0,1.0,1,0.8
2025,1,2025_01_HOU_LA,LA,HOU,0.5856004148721695,0.6689796924591065,w01_predictions_history_2025.csv,2025-10-30 17:34:21.240134+00:00,LA,HOU,14.0,9.0,5.0,1.0,1,0.171727016154118,-4.331020307540894,4.331020307540894,18.75773690433162,-0.5351176078787125,False,LA,HOU,,,,,,,,,,,,,,,,,,,,,,,,7.0,7.0,7.0,7.0,0.0,0.0,1,1,1,0.0,0.0,,0.0,0.0,0.0,0.0,0.0,0.0,0.0,0.0,,,,0.0,0.0,0.0,0.0,0.0,0.0,1.0,0.0,0.5351176078787125,0.0,0.0,0.0,0.0,0.0,0.0,0.0,0.0,0.0,0.0,0.0,1,0,1.0,1,0.8
2025,1,2025_01_DET_GB,GB,DET,0.6173495054244995,2.11319351196289,w01_predictions_history_2025.csv,2025-10-30 17:34:21.240134+00:00,GB,DET,27.0,13.0,14.0,1.0,1,0.1464214009988751,-11.88680648803711,11.88680648803711,141.29616848404112,-0.4823199560952955,False,GB,DET,,,,5.0,60.0,,,,,,,,,,,,,,,,,,,7.0,7.0,7.0,7.0,0.0,0.0,0,0,1,470.9455844183699,292.6319287356269,0.0,-1.0,1.0,0.0,1.0,0.0,0.0,0.0,0.0,,,,5.0,60.0,0.0,0.0,0.0,0.0,1.0,0.0,0.48231995609529554,0.0,0.0,0.0,0.0,0.0,0.0,0.0,0.0,470.9455844183699,0.0,0.0,0,1,0.2644934024714444,0,0.8
2025,1,2025_01_DAL_PHI,PHI,DAL,0.5882519483566284,0.9511891007423402,w01_predictions_history_2025.csv,2025-10-30 17:34:21.240134+00:00,PHI,DAL,24.0,20.0,4.0,1.0,1,0.1695364580321126,-3.04881089925766,3.04881089925766,9.2952478994323,-0.530599939256685,False,PHI,DAL,,,,11.0,75.0,,,,,,,,,,,,,,,,,,,7.0,7.0,7.0,7.0,0.0,0.0,0,0,0,2112.2733926656533,1312.5054302740498,0.0,1.0,1.0,1.0,0.0,0.0,0.0,0.0,0.0,,,,11.0,75.0,0.0,0.0,0.0,0.0,0.0,1.0,0.530599939256685,15.0,165.0,0.0,0.0,0.0,0.0,0.0,0.0,2112.2733926656533,0.0,0.0,1,0,1.0,1,0.8
2025,1,2025_01_CIN_CLE,CLE,CIN,0.4929639771580696,0.365401566028595,w01_predictions_history_2025.csv,2025-10-30 17:34:21.240134+00:00,CLE,CIN,16.0,17.0,-1.0,0.0,0,0.2430134827755017,1.365401566028595,1.365401566028595,1.86432143651334,-0.6791732269446776,False,CLE,CIN,,,,10.0,63.0,,,,,,,,,,,,,,,,,,,7.0,7.0,7.0,7.0,0.0,0.0,0,0,0,358.98874273433165,223.0651940615744,0.0,0.0,0.0,0.0,0.0,0.0,0.0,0.0,0.0,,,,10.0,63.0,0.0,0.0,0.0,0.0,0.0,1.0,0.6791732269446776,3.0,30.0,0.0,0.0,0.0,0.0,0.0,0.0,0.0,0.0,0.0,1,0,1.0,1,0.8
2025,5,2025_05_DAL_NYJ,NYJ,DAL,0.5787757158279419,0.3966477334499359,w05_predictions_history_2025.csv,2025-10-30 17:34:21.240134+00:00,NYJ,DAL,22.0,37.0,-15.0,0.0,1,0.3349813292321465,15.396647733449935,15.396647733449935,237.05676142794903,-0.8645898456548039,True,NYJ,DAL,,,,3.0,82.0,,,,,,,,,,,,,,,,,,,6.0,7.0,6.0,7.0,0.0,0.0,0,0,0,2229.039273710148,1385.0603625445483,0.0,1.0,1.0,1.0,0.0,0.0,0.0,0.0,0.0,,,,3.0,82.0,0.0,0.0,1.0,0.0,0.0,1.0,0.8645898456548039,22.0,66.0,0.0,0.0,0.0,0.0,-1.0,-1.0,2229.039273710148,0.0,0.0,1,0,1.0,1,0.8
2025,1,2025_01_CAR_JAX,JAX,CAR,0.5675383806228638,0.9780930876731874,w01_predictions_history_2025.csv,2025-10-30 17:34:21.240134+00:00,JAX,CAR,26.0,10.0,16.0,1.0,1,0.187023052234295,-15.021906912326813,15.021906912326813,225.65768728261207,-0.5664469008599514,False,JAX,CAR,,,,3.0,85.0,,,,,,,,,,,,,,,,,,,7.0,7.0,7.0,7.0,0.0,0.0,0,0,0,549.8989523162954,341.69126189972883,0.0,0.0,0.0,0.0,0.0,0.0,0.0,0.0,0.0,,,,3.0,85.0,0.0,0.0,0.0,0.0,0.0,1.0,0.5664469008599514,25.0,75.0,0.0,0.0,0.0,0.0,0.0,0.0,0.0,0.0,0.0,1,0,1.0,1,0.8
2025,1,2025_01_PIT_NYJ,NYJ,PIT,0.5022141635417938,0.8310192704200745,w01_predictions_history_2025.csv,2025-10-30 17:34:21.240134+00:00,NYJ,PIT,32.0,34.0,-2.0,0.0,1,0.2522190660619836,2.8310192704200743,2.8310192704200743,8.01467010948981,-0.6975853417270105,True,NYJ,PIT,,,,3.0,67.0,,,,,,,,,,,,,,,,,,,7.0,7.0,7.0,7.0,0.0,0.0,0,0,0,502.9470361176347,312.5167027794508,0.0,0.0,0.0,0.0,0.0,0.0,0.0,0.0,0.0,,,,3.0,67.0,0.0,0.0,0.0,0.0,0.0,1.0,0.6975853417270105,7.0,21.0,0.0,0.0,0.0,0.0,0.0,0.0,0.0,0.0,0.0,1,0,1.0,1,0.8
2025,1,2025_01_SF_SEA,SEA,SF,0.5484177321195602,1.4672185063362122,w01_predictions_history_2025.csv,2025-10-30 17:34:21.240134+00:00,SEA,SF,13.0,17.0,-4.0,0.0,1,0.3007620089031617,5.467218506336212,5.467218506336212,29.89047819602516,-0.7949977125784107,True,SEA,SF,,,,6.0,67.0,,,,,,,,,,,,,,,,,,,7.0,7.0,7.0,7.0,0.0,0.0,0,0,0,1133.7049805847575,704.4513974909314,0.0,0.0,0.0,0.0,0.0,0.0,0.0,0.0,0.0,,,,6.0,67.0,0.0,0.0,0.0,0.0,0.0,1.0,0.7949977125784107,7.0,42.0,0.0,0.0,0.0,0.0,0.0,0.0,0.0,0.0,0.0,1,0,1.0,1,0.8
2025,1,2025_01_BAL_BUF,BUF,BAL,0.5293577164411545,1.343632733821869,w01_predictions_history_2025.csv,2025-10-30 17:34:21.240134+00:00,BUF,BAL,41.0,40.0,1.0,1.0,1,0.2215041590734847,0.343632733821869,0.343632733821869,0.1180834557538914,-0.6360908630983628,False,BUF,BAL,,,,8.0,58.0,,,,,,,,,,,,,,,,,,,7.0,7.0,7.0,7.0,0.0,0.0,0,0,0,428.9767136158515,266.5536895161953,0.0,0.0,0.0,0.0,0.0,0.0,0.0,0.0,0.0,,,,8.0,58.0,0.0,0.0,0.0,0.0,0.0,1.0,0.6360908630983628,2.0,16.0,0.0,0.0,0.0,0.0,0.0,0.0,0.0,0.0,0.0,1,0,1.0,1,0.8
2025,1,2025_01_ARI_NO,NO,ARI,0.4551949769258499,-0.5453336656093598,w01_predictions_history_2025.csv,2025-10-30 17:34:21.240134+00:00,NO,ARI,13.0,20.0,-7.0,0.0,0,0.207202467018525,6.45466633439064,6.45466633439064,41.66271748831591,-0.6073273041560234,False,NO,ARI,,,,,,,,,,,,,,,,,,,,,,,,7.0,7.0,7.0,7.0,0.0,0.0,1,1,1,2130.670382648121,1323.9367863364457,0.0,1.0,1.0,1.0,0.0,0.0,0.0,0.0,0.0,,,,0.0,0.0,0.0,0.0,0.0,0.0,1.0,0.0,0.6073273041560234,0.0,0.0,0.0,0.0,0.0,0.0,0.0,0.0,2130.670382648121,0.0,0.0,1,0,1.0,1,0.8
2025,1,2025_01_TB_ATL,ATL,TB,0.5370310813188552,0.76668940782547,w01_predictions_history_2025.csv,2025-10-30 17:34:21.240134+00:00,ATL,TB,20.0,23.0,-3.0,0.0,1,0.2884023823024989,3.76668940782547,3.76668940782547,14.187949095024589,-0.770095357427546,True,ATL,TB,,,,,,,,,,,,,,,,,,,,,,,,7.0,7.0,7.0,7.0,0.0,0.0,1,1,0,667.5888998463652,414.8203822864358,0.0,0.0,0.0,0.0,0.0,0.0,0.0,0.0,0.0,,,,0.0,0.0,0.0,0.0,0.0,0.0,1.0,0.0,0.770095357427546,0.0,0.0,0.0,0.0,0.0,0.0,0.0,0.0,0.0,0.0,0.0,1,0,1.0,1,0.8
2025,1,2025_01_TEN_DEN,DEN,TEN,0.569216999411583,2.261699652671814,w01_predictions_history_2025.csv,2025-10-30 17:34:21.240134+00:00,DEN,TEN,20.0,12.0,8.0,1.0,1,0.18557399359596,-5.738300347328186,5.738300347328186,32.92809087614678,-0.5634935477668955,False,DEN,TEN,,,,6.0,84.0,,,,,,,,,,,,,,,,,,,7.0,7.0,7.0,7.0,0.0,0.0,0,0,0,1645.4834972867563,1022.455726192569,0.0,-1.0,1.0,0.0,1.0,0.0,0.0,0.0,0.0,,,,6.0,84.0,0.0,0.0,0.0,0.0,0.0,1.0,0.5634935477668955,24.0,144.0,0.0,0.0,0.0,0.0,0.0,0.0,1645.4834972867563,0.0,0.0,1,0,1.0,1,0.8
2025,1,2025_01_NYG_WAS,WAS,NYG,0.5829966515302658,1.6069273948669436,w01_predictions_history_2025.csv,2025-10-30 17:34:21.240134+00:00,WAS,NYG,21.0,6.0,15.0,1.0,1,0.1738917926349705,-13.393072605133057,13.393072605133057,179.37439380636556,-0.5395738361639778,False,WAS,NYG,,,,5.0,68.0,,,,,,,,,,,,,,,,,,,7.0,7.0,7.0,7.0,0.0,0.0,0,0,0,318.7560616426511,198.06577277895576,0.0,0.0,0.0,0.0,0.0,0.0,0.0,0.0,0.0,,,,5.0,68.0,0.0,0.0,0.0,0.0,0.0,1.0,0.5395738361639778,8.0,40.0,0.0,0.0,0.0,0.0,0.0,0.0,0.0,0.0,0.0,1,0,1.0,1,0.8
2025,4,2025_04_CAR_NE,NE,CAR,0.5832051277160645,2.123493778705597,w04_predictions_history_2025.csv,2025-10-30 17:34:21.240134+00:00,NE,CAR,42.0,13.0,29.0,1.0,1,0.1737179655621821,-26.8765062212944,26.876506221294402,722.3465866632768,-0.5392163059462582,False,NE,CAR,,,,7.0,76.0,,,,,,,,,,,,,,,,,,,7.0,7.0,7.0,7.0,0.0,0.0,0,0,0,1128.2482273446008,701.060729273342,0.0,0.0,0.0,0.0,0.0,0.0,0.0,0.0,0.0,,,,7.0,76.0,0.0,0.0,0.0,0.0,0.0,1.0,0.5392163059462582,16.0,112.0,0.0,0.0,0.0,0.0,0.0,0.0,0.0,0.0,0.0,1,0,1.0,1,0.8
2025,3,2025_03_DET_BAL,BAL,DET,0.6068850755691528,1.4195785522460938,w03_predictions_history_2025.csv,2025-10-30 17:34:21.240134+00:00,BAL,DET,30.0,38.0,-8.0,0.0,1,0.3683094949485763,9.419578552246094,9.419578552246094,88.72846010193462,-0.9336532812845592,True,BAL,DET,,,,7.0,74.0,,,,,,,,,,,,,,,,,,,8.0,8.0,8.0,8.0,0.0,0.0,0,0,1,638.5793889070094,396.7947134645373,0.0,0.0,0.0,0.0,0.0,0.0,0.0,0.0,0.0,,,,7.0,74.0,0.0,0.0,0.0,0.0,1.0,0.0,0.9336532812845592,14.0,98.0,0.0,0.0,0.0,0.0,0.0,0.0,0.0,0.0,0.0,0,1,0.20000000000000034,0,0.8
2025,3,2025_03_ARI_SF,SF,ARI,0.5276504755020142,2.2410309314727783,w03_predictions_history_2025.csv,2025-10-30 17:34:21.240134+00:00,SF,ARI,16.0,15.0,1.0,1.0,1,0.2231140732934733,1.2410309314727783,1.2410309314727783,1.5401577728721918,-0.6393211926960813,False,SF,ARI,,,,7.0,72.0,,,,,,,,,,,,,,,,,,,7.0,7.0,7.0,7.0,0.0,0.0,0,0,1,978.3858210191008,607.9405759924597,0.0,-1.0,1.0,0.0,1.0,0.0,0.0,0.0,0.0,,,,7.0,72.0,0.0,0.0,0.0,0.0,1.0,0.0,0.6393211926960813,12.0,84.0,0.0,0.0,0.0,0.0,0.0,0.0,978.3858210191008,0.0,0.0,0,1,0.2,0,0.8
2025,5,2025_05_WAS_LAC,LAC,WAS,0.5427432745695114,0.7920758247375489,w05_predictions_history_2025.csv,2025-10-30 17:34:21.240134+00:00,LAC,WAS,10.0,27.0,-17.0,0.0,1,0.2945702620904361,17.792075824737548,17.792075824737548,316.5579621532103,-0.7825102833874249,True,LAC,WAS,,,,,,,,,,,,,,,,,,,,,,,,7.0,7.0,7.0,7.0,0.0,1.0,1,1,0,3718.9680994652304,2310.8589269328095,0.0,-3.0,3.0,0.0,1.0,0.0,0.0,0.0,0.0,,,,0.0,0.0,0.0,0.0,0.0,1.0,1.0,0.0,0.7825102833874249,0.0,0.0,0.0,0.0,0.0,0.0,0.0,0.0,11156.904298395692,0.0,0.0,1,0,1.0,1,0.8
2025,6,2025_06_TEN_LV,LV,TEN,0.5638052582740783,2.1367990374565125,w06_predictions_history_2025.csv,2025-10-30 17:34:21.240134+00:00,LV,TEN,20.0,10.0,10.0,1.0,1,0.1902658527093434,-7.863200962543487,7.8632009625434875,61.829929377344826,-0.573046373857361,False,LV,TEN,,,,,,,,,,,,,,,,,,,,,,,,7.0,7.0,7.0,7.0,0.0,1.0,1,1,0,2542.4878594685615,1579.8282237258395,0.0,-2.0,2.0,0.0,1.0,0.0,0.0,0.0,0.0,,,,0.0,0.0,0.0,0.0,0.0,1.0,1.0,0.0,0.573046373857361,0.0,0.0,0.0,0.0,0.0,0.0,0.0,0.0,5084.975718937123,0.0,0.0,1,0,1.0,1,0.8
2025,6,2025_06_SF_TB,TB,SF,0.5820986270904541,1.055201852321625,w06_predictions_history_2025.csv,2025-10-30 17:34:21.240134+00:00,TB,SF,30.0,19.0,11.0,1.0,1,0.1746415574796833,-9.944798147678377,9.944798147678375,98.89901019806724,-0.5411153832530899,False,TB,SF,,,,10.0,82.0,,,,,,,,,,,,,,,,,,,7.0,10.0,7.0,10.0,0.0,1.0,0,0,0,3809.0197587502116,2366.8144165143776,0.0,3.0,3.0,1.0,0.0,0.0,0.0,0.0,0.0,,,,10.0,82.0,0.0,0.0,0.0,1.0,0.0,1.0,0.5411153832530899,22.0,220.0,0.0,0.0,0.0,0.0,-3.0,-3.0,11427.059276250635,0.0,0.0,1,0,1.0,1,0.8
2025,6,2025_06_SEA_JAX,JAX,SEA,0.5301928609609604,0.3883843004703522,w06_predictions_history_2025.csv,2025-10-30 17:34:21.240134+00:00,JAX,SEA,12.0,20.0,-8.0,0.0,1,0.2811044698139683,8.388384300470353,8.388384300470353,70.36499117237749,-0.755433010961671,True,JAX,SEA,,,,8.0,76.0,,,,,,,,,,,,,,,,,,,6.0,7.0,6.0,7.0,0.0,0.0,0,0,0,3946.956133066684,2452.5240793597786,0.0,3.0,3.0,1.0,0.0,0.0,0.0,0.0,0.0,,,,8.0,76.0,0.0,0.0,1.0,0.0,0.0,1.0,0.755433010961671,16.0,128.0,0.0,0.0,0.0,0.0,-1.0,-1.0,11840.868399200051,0.0,0.0,1,0,1.0,1,0.8
2025,6,2025_06_PHI_NYG,NYG,PHI,0.4573758795857429,-0.1386443078517913,w06_predictions_history_2025.csv,2025-10-30 17:34:21.240134+00:00,NYG,PHI,34.0,17.0,17.0,1.0,0,0.2944409360553462,-17.13864430785179,17.13864430785179,293.7331287110606,-0.7822497325273857,True,NYG,PHI,,,,3.0,53.0,,,,,,,,,,,,,,,,,,,4.0,4.0,4.0,4.0,0.0,0.0,0,0,0,137.4047976907053,85.37935654587125,0.0,0.0,0.0,0.0,0.0,0.0,0.0,0.0,0.0,,,,3.0,53.0,0.0,0.0,1.0,0.0,0.0,1.0,0.7822497325273857,7.0,21.0,0.0,0.0,0.0,0.0,0.0,0.0,0.0,0.0,412.21439307211585,1,0,1.0,1,0.8
2025,6,2025_06_NE_NO,NO,NE,0.5169214397668839,-0.1366803705692291,w06_predictions_history_2025.csv,2025-10-30 17:34:21.240134+00:00,NO,NE,19.0,25.0,-6.0,0.0,1,0.2672077748906681,5.863319629430771,5.863319629430771,34.3785170768682,-0.727575987969575,True,NO,NE,,,,,,,,,,,,,,,,,,,,,,,,7.0,7.0,7.0,7.0,0.0,1.0,1,1,0,2156.21992689994,1339.8125321977427,0.0,-1.0,1.0,0.0,1.0,0.0,0.0,0.0,0.0,,,,0.0,0.0,0.0,0.0,0.0,1.0,1.0,0.0,0.727575987969575,0.0,0.0,0.0,0.0,0.0,0.0,0.0,0.0,2156.21992689994,0.0,0.0,1,0,1.0,1,0.8
2025,6,2025_06_LA_BAL,BAL,LA,0.4698356986045837,-1.749104142189026,w06_predictions_history_2025.csv,2025-10-30 17:34:21.240134+00:00,BAL,LA,3.0,17.0,-14.0,0.0,0,0.2207455836832572,12.250895857810974,12.250895857810974,150.08444931893007,-0.6345683178439966,False,BAL,LA,,,,15.0,64.0,,,,,,,,,,,,,,,,,,,7.0,10.0,7.0,10.0,0.0,0.0,0,0,1,0.0,0.0,0.0,0.0,0.0,0.0,0.0,0.0,0.0,0.0,0.0,,,,15.0,64.0,0.0,0.0,0.0,0.0,1.0,0.0,0.6345683178439966,4.0,60.0,0.0,0.0,0.0,0.0,-3.0,-3.0,0.0,0.0,0.0,1,0,0.6751710901112542,0,0.8
2025,6,2025_06_LAC_MIA,MIA,LAC,0.5781790614128113,0.975171148777008,w06_predictions_history_2025.csv,2025-10-30 17:34:21.240134+00:00,MIA,LAC,27.0,29.0,-2.0,0.0,1,0.3342910270561994,2.975171148777008,2.975171148777008,8.851643364515102,-0.8631743711377962,True,MIA,LAC,,,,4.0,85.0,,,,,,,,,,,,,,,,,,,7.0,7.0,7.0,7.0,0.0,0.0,0,0,1,3753.9500976934555,2332.59572615388,0.0,3.0,3.0,1.0,0.0,0.0,0.0,0.0,0.0,,,,4.0,85.0,0.0,0.0,0.0,0.0,1.0,0.0,0.8631743711377962,25.0,100.0,0.0,0.0,0.0,0.0,0.0,0.0,11261.850293080366,0.0,0.0,0,1,0.0,0,0.8
2025,6,2025_06_DET_KC,KC,DET,0.5746446639299393,0.8325514614582062,w06_predictions_history_2025.csv,2025-10-30 17:34:21.240134+00:00,KC,DET,30.0,17.0,13.0,1.0,1,0.1809271619232743,-12.167448538541796,12.167448538541795,148.04680393806285,-0.5540034049845375,False,KC,DET,,,,13.0,85.0,,,,,,,,,,,,,,,,,,,6.0,7.0,6.0,7.0,0.0,1.0,0,0,1,1030.410359214901,640.2671153157223,0.0,-1.0,1.0,0.0,1.0,0.0,0.0,0.0,0.0,,,,13.0,85.0,0.0,0.0,1.0,1.0,1.0,0.0,0.5540034049845375,25.0,325.0,0.0,0.0,0.0,0.0,-1.0,-1.0,1030.410359214901,0.0,0.0,1,0,1.0,1,0.8
2025,6,2025_06_DEN_NYJ,NYJ,DEN,0.4745422527194023,-1.016002506017685,w06_predictions_history_2025.csv,2025-10-30 17:34:21.240134+00:00,NYJ,DEN,11.0,13.0,-2.0,0.0,0,0.2251903496160051,0.9839974939823152,0.9839974939823151,0.9682510681634762,-0.6434854966920656,False,NYJ,DEN,,,,6.0,59.0,,,,,,,,,,,,,,,,,,,7.0,7.0,7.0,7.0,0.0,1.0,0,0,0,2614.2122323376557,1624.3956690198816,0.0,2.0,2.0,1.0,0.0,0.0,0.0,0.0,0.0,,,,6.0,59.0,0.0,0.0,0.0,1.0,0.0,1.0,0.6434854966920656,1.0,6.0,0.0,0.0,0.0,0.0,0.0,0.0,5228.424464675311,0.0,0.0,1,0,1.0,1,0.8
2025,6,2025_06_DAL_CAR,CAR,DAL,0.5527895718812943,0.4186559081077576,w06_predictions_history_2025.csv,2025-10-30 17:34:21.240134+00:00,CAR,DAL,30.0,27.0,3.0,1.0,1,0.199997167018116,-2.5813440918922423,2.5813440918922423,6.663337320746986,-0.5927778708866108,False,CAR,DAL,,,,15.0,68.0,,,,,,,,,,,,,,,,,,,7.0,7.0,7.0,7.0,0.0,1.0,0,0,0,1520.813159475224,944.9891937162794,0.0,1.0,1.0,1.0,0.0,0.0,0.0,0.0,0.0,,,,15.0,68.0,0.0,0.0,0.0,1.0,0.0,1.0,0.5927778708866108,8.0,120.0,0.0,0.0,0.0,0.0,0.0,0.0,1520.813159475224,0.0,0.0,1,0,1.0,1,0.8
2025,6,2025_06_CLE_PIT,PIT,CLE,0.6053806245326996,1.925669026374817,w06_predictions_history_2025.csv,2025-10-30 17:34:21.240134+00:00,PIT,CLE,23.0,9.0,14.0,1.0,1,0.1557244514942022,-12.074330973625184,12.074330973625184,145.78946846064449,-0.5018978873125187,False,PIT,CLE,,,,8.0,64.0,,,,,,,,,,,,,,,,,,,14.0,7.0,14.0,7.0,0.0,0.0,0,0,0,183.98510450821584,114.32300837337459,0.0,0.0,0.0,0.0,0.0,0.0,0.0,0.0,0.0,,,,8.0,64.0,0.0,0.0,0.0,0.0,0.0,1.0,0.5018978873125187,4.0,32.0,0.0,0.0,0.0,0.0,7.0,7.0,0.0,0.0,0.0,1,0,1.0,1,0.8
2025,6,2025_06_CIN_GB,GB,CIN,0.630749398469925,2.6611354112625123,w06_predictions_history_2025.csv,2025-10-30 17:34:21.240134+00:00,GB,CIN,27.0,18.0,9.0,1.0,1,0.1363460067303222,-6.338864588737488,6.338864588737488,40.18120427435009,-0.460846645135741,False,GB,CIN,,,,14.0,64.0,,,,,,,,,,,,,,,,,,,14.0,7.0,14.0,7.0,0.0,0.0,0,0,0,668.9662175386263,415.67620755819377,0.0,-1.0,1.0,0.0,1.0,0.0,0.0,0.0,0.0,,,,14.0,64.0,0.0,0.0,0.0,0.0,0.0,1.0,0.46084664513574103,4.0,56.0,0.0,0.0,0.0,0.0,7.0,7.0,668.9662175386263,0.0,0.0,1,0,1.0,1,0.8
2025,6,2025_06_CHI_WAS,WAS,CHI,0.5514915257692337,1.256876850128174,w06_predictions_history_2025.csv,2025-10-30 17:34:21.240134+00:00,WAS,CHI,24.0,25.0,-1.0,0.0,1,0.3041429029952773,2.256876850128174,2.256876850128174,5.093493116644469,-0.8018277030558421,True,WAS,CHI,,,,12.0,59.0,,,,,,,,,,,,,,,,,,,8.0,15.0,8.0,15.0,0.0,1.0,0,0,0,967.3092690092653,601.0579277935562,0.0,1.0,1.0,1.0,0.0,0.0,0.0,0.0,0.0,,,,12.0,59.0,0.0,0.0,0.0,1.0,0.0,1.0,0.8018277030558421,1.0,12.0,0.0,0.0,0.0,0.0,-7.0,-7.0,967.3092690092653,0.0,0.0,1,0,1.0,1,0.8
2025,5,2025_05_TEN_ARI,ARI,TEN,0.5715181797742843,1.766627871990204,w05_predictions_history_2025.csv,2025-10-30 17:34:21.240134+00:00,ARI,TEN,21.0,22.0,-1.0,0.0,1,0.3266330298125112,2.766627871990204,2.766627871990204,7.654229782073045,-0.8475069683887547,True,ARI,TEN,,,,,,,,,,,,,,,,,,,,,,,,10.0,7.0,10.0,7.0,0.0,1.0,1,1,0,2337.8613884288397,1452.6792687894167,0.0,-1.0,1.0,0.0,1.0,0.0,0.0,0.0,0.0,,,,0.0,0.0,0.0,0.0,0.0,1.0,1.0,0.0,0.8475069683887547,0.0,0.0,0.0,0.0,0.0,0.0,3.0,3.0,2337.8613884288397,0.0,0.0,1,0,1.0,1,0.8
2025,6,2025_06_BUF_ATL,ATL,BUF,0.5371963202953338,0.6681405901908875,w06_predictions_history_2025.csv,2025-10-30 17:34:21.240134+00:00,ATL,BUF,24.0,14.0,10.0,1.0,1,0.2141872459481792,-9.331859409809113,9.331859409809113,87.08360004444287,-0.62139166414182,False,ATL,BUF,,,,,,,,,,,,,,,,,,,,,,,,15.0,8.0,15.0,8.0,0.0,0.0,1,1,0,1115.5491576553115,693.1698956414386,0.0,0.0,0.0,0.0,0.0,0.0,0.0,0.0,0.0,,,,0.0,0.0,0.0,0.0,0.0,0.0,1.0,0.0,0.62139166414182,0.0,0.0,0.0,0.0,0.0,0.0,7.0,7.0,0.0,0.0,0.0,1,0,1.0,1,0.8
2025,4,2025_04_WAS_ATL,ATL,WAS,0.5879354178905487,0.8295278608798982,w04_predictions_history_2025.csv,2025-10-30 17:34:21.240134+00:00,ATL,WAS,34.0,27.0,7.0,1.0,1,0.1697972198290367,-6.170472139120102,6.170472139120102,38.07472641965741,-0.5311381706351278,False,ATL,WAS,,,,,,,,,,,,,,,,,,,,,,,,7.0,7.0,7.0,7.0,0.0,0.0,1,1,0,884.8824179718281,549.8402729375728,0.0,0.0,0.0,0.0,0.0,0.0,0.0,0.0,0.0,,,,0.0,0.0,0.0,0.0,0.0,0.0,1.0,0.0,0.5311381706351278,0.0,0.0,0.0,0.0,0.0,0.0,0.0,0.0,0.0,0.0,0.0,1,0,1.0,1,0.8
2025,4,2025_04_TEN_HOU,HOU,TEN,0.5783485740423202,2.233828973770142,w04_predictions_history_2025.csv,2025-10-30 17:34:21.240134+00:00,HOU,TEN,26.0,0.0,26.0,1.0,1,0.1777899250121447,-23.76617102622986,23.76617102622986,564.8308852480077,-0.547578522805588,False,HOU,TEN,,,,,,,,,,,,,,,,,,,,,,,,7.0,7.0,7.0,7.0,0.0,0.0,1,1,0,1080.6227627179926,671.4676466928418,0.0,0.0,0.0,0.0,0.0,0.0,0.0,0.0,0.0,,,,0.0,0.0,0.0,0.0,0.0,0.0,1.0,0.0,0.547578522805588,0.0,0.0,0.0,0.0,0.0,0.0,0.0,0.0,0.0,0.0,0.0,1,0,1.0,1,0.8
2025,4,2025_04_SEA_ARI,ARI,SEA,0.5345256477594376,0.2906913697719574,w04_predictions_history_2025.csv,2025-10-30 17:34:21.240134+00:00,ARI,SEA,20.0,23.0,-3.0,0.0,1,0.2857176681126463,3.2906913697719573,3.2906913697719573,10.82864969109164,-0.7646982810105013,True,ARI,SEA,,,,,,,,,,,,,,,,,,,,,,,,4.0,4.0,4.0,4.0,0.0,0.0,1,1,0,1777.0604520662819,1104.2138301608777,0.0,1.0,1.0,1.0,0.0,0.0,0.0,0.0,0.0,,,,0.0,0.0,0.0,0.0,1.0,0.0,1.0,0.0,0.7646982810105013,0.0,0.0,0.0,0.0,0.0,0.0,0.0,0.0,1777.0604520662819,0.0,5331.181356198846,1,0,1.0,1,0.8
2025,4,2025_04_PHI_TB,TB,PHI,0.5268399626016617,1.2311434626579283,w04_predictions_history_2025.csv,2025-10-30 17:34:21.240134+00:00,TB,PHI,25.0,31.0,-6.0,0.0,1,0.2775603461941202,7.231143462657928,7.231143462657928,52.28943577754049,-0.748321602265086,True,TB,PHI,,,,6.0,88.0,,,,,,,,,,,,,,,,,,,7.0,7.0,7.0,7.0,0.0,0.0,0,0,0,1487.3128204251716,924.1730545404093,0.0,0.0,0.0,0.0,0.0,0.0,0.0,0.0,0.0,,,,6.0,88.0,0.0,0.0,0.0,0.0,0.0,1.0,0.748321602265086,28.0,168.0,0.0,0.0,0.0,0.0,0.0,0.0,0.0,0.0,0.0,1,0,1.0,1,0.8
2025,4,2025_04_NYJ_MIA,MIA,NYJ,0.6045072019100189,1.3768406748771669,w04_predictions_history_2025.csv,2025-10-30 17:34:21.240134+00:00,MIA,NYJ,27.0,21.0,6.0,1.0,1,0.1564145533410425,-4.623159325122833,4.623159325122833,21.37360214547021,-0.5033416951686162,False,MIA,NYJ,,,,17.0,88.0,,,,,,,,,,,,,,,,,,,11.0,8.0,11.0,8.0,0.0,1.0,0,0,0,1746.9720204594903,1085.517751324934,0.0,0.0,0.0,0.0,0.0,0.0,0.0,0.0,0.0,,,,17.0,88.0,0.0,0.0,0.0,1.0,0.0,1.0,0.5033416951686162,28.0,476.0,0.0,0.0,0.0,0.0,3.0,3.0,0.0,0.0,0.0,1,0,1.0,1,0.8
2025,4,2025_04_NO_BUF,BUF,NO,0.6312925982863339,3.1890678910813666,w04_predictions_history_2025.csv,2025-10-30 17:34:21.240134+00:00,BUF,NO,31.0,19.0,12.0,1.0,1,0.1359451480784427,-8.810932108918633,8.810932108918633,77.63252462797335,-0.4599858182356082,False,BUF,NO,,,,7.0,73.0,,,,,,,,,,,,,,,,,,,10.0,7.0,10.0,7.0,0.0,1.0,0,0,1,1744.5289491721846,1083.9996976760694,0.0,1.0,1.0,1.0,0.0,0.0,0.0,0.0,0.0,,,,7.0,73.0,0.0,0.0,0.0,1.0,1.0,0.0,0.45998581823560825,13.0,91.0,0.0,0.0,0.0,0.0,3.0,3.0,1744.5289491721846,0.0,0.0,1,0,0.9766390373841249,1,0.8
2025,4,2025_04_MIN_PIT,PIT,MIN,0.5740071535110474,1.341275334358215,w04_predictions_history_2025.csv,2025-10-30 17:34:21.240134+00:00,PIT,MIN,24.0,21.0,3.0,1.0,1,0.1814699052597603,-1.658724665641785,1.658724665641785,2.7513675164084512,-0.5551134201774275,False,PIT,MIN,,,,5.0,61.0,,,,,,,,,,,,,,,,,,,7.0,7.0,7.0,7.0,0.0,0.0,0,0,1,1191.5336365065343,740.3844472497018,0.0,1.0,1.0,1.0,0.0,0.0,0.0,0.0,0.0,,,,5.0,61.0,0.0,0.0,0.0,0.0,1.0,0.0,0.5551134201774275,1.0,5.0,0.0,0.0,0.0,0.0,0.0,0.0,1191.5336365065343,0.0,0.0,0,1,0.2,0,0.8
2025,4,2025_04_LAC_NYG,NYG,LAC,0.4739753901958465,-1.7952474355697632,w04_predictions_history_2025.csv,2025-10-30 17:34:21.240134+00:00,NYG,LAC,21.0,18.0,3.0,1.0,0,0.2767018901196119,-4.795247435569763,4.795247435569763,22.99439796833839,-0.7465998780529656,True,NYG,LAC,,,,4.0,81.0,,,,,,,,,,,,,,,,,,,7.0,7.0,7.0,7.0,0.0,0.0,0,0,1,3941.8270293974165,2449.3370030837023,0.0,3.0,3.0,1.0,0.0,0.0,0.0,0.0,0.0,,,,4.0,81.0,0.0,0.0,0.0,0.0,1.0,0.0,0.7465998780529656,21.0,84.0,0.0,0.0,0.0,0.0,0.0,0.0,11825.48108819225,0.0,0.0,0,1,0.1,0,0.8
2025,4,2025_04_JAX_SF,SF,JAX,0.531742388010025,0.9252316772937776,w04_predictions_history_2025.csv,2025-10-30 17:34:21.240134+00:00,SF,JAX,21.0,26.0,-5.0,0.0,1,0.282749967206604,5.925231677293778,5.925231677293778,35.108370429605635,-0.7587366815381219,True,SF,JAX,,,,7.0,72.0,,,,,,,,,,,,,,,,,,,7.0,7.0,7.0,7.0,0.0,0.0,0,0,0,3776.6518723708095,2346.7019505869225,0.0,-3.0,3.0,0.0,1.0,0.0,0.0,0.0,0.0,,,,7.0,72.0,0.0,0.0,0.0,0.0,0.0,1.0,0.7587366815381219,12.0,84.0,0.0,0.0,0.0,0.0,0.0,0.0,11329.955617112428,0.0,0.0,1,0,1.0,1,0.8
2025,4,2025_04_IND_LA,LA,IND,0.5903578639030457,0.694659972190857,w04_predictions_history_2025.csv,2025-10-30 17:34:21.240134+00:00,LA,IND,27.0,20.0,7.0,1.0,1,0.1678066796660756,-6.305340027809143,6.305340027809143,39.7573128662922,-0.5270263769706468,False,LA,IND,,,,,,,,,,,,,,,,,,,,,,,,7.0,7.0,7.0,7.0,0.0,1.0,1,1,1,0.0,0.0,,0.0,0.0,0.0,0.0,0.0,0.0,0.0,0.0,,,,0.0,0.0,0.0,0.0,0.0,1.0,1.0,0.0,0.5270263769706468,0.0,0.0,0.0,0.0,0.0,0.0,0.0,0.0,0.0,0.0,0.0,1,0,1.0,1,0.8
2025,4,2025_04_CLE_DET,DET,CLE,0.5949227988719941,2.5999930620193483,w04_predictions_history_2025.csv,2025-10-30 17:34:21.240134+00:00,DET,CLE,34.0,10.0,24.0,1.0,1,0.1640875388736989,-21.400006937980653,21.400006937980653,457.9602969456201,-0.5193236316497081,False,DET,CLE,,,,,,,,,,,,,,,,,,,,,,,,6.0,7.0,6.0,7.0,0.0,0.0,1,1,0,144.91316715310063,90.0448395870893,0.0,0.0,0.0,0.0,0.0,0.0,0.0,0.0,0.0,,,,0.0,0.0,0.0,0.0,1.0,0.0,1.0,0.0,0.5193236316497081,0.0,0.0,0.0,0.0,0.0,0.0,-1.0,-1.0,0.0,0.0,0.0,1,0,1.0,1,0.8
2025,4,2025_04_CIN_DEN,DEN,CIN,0.5632990032434464,2.056614482402802,w04_predictions_history_2025.csv,2025-10-30 17:34:21.240134+00:00,DEN,CIN,28.0,3.0,25.0,1.0,1,0.1907077605681674,-22.9433855175972,22.9433855175972,526.398939009089,-0.5739447025780701,False,DEN,CIN,,,,12.0,66.0,,,,,,,,,,,,,,,,,,,8.0,8.0,8.0,8.0,0.0,1.0,0,0,0,1758.9328786113927,1092.9498817156398,0.0,-2.0,2.0,0.0,1.0,0.0,0.0,0.0,0.0,,,,12.0,66.0,0.0,0.0,0.0,1.0,0.0,1.0,0.5739447025780701,6.0,72.0,0.0,0.0,0.0,0.0,0.0,0.0,3517.8657572227853,0.0,0.0,1,0,1.0,1,0.8
2025,4,2025_04_CHI_LV,LV,CHI,0.5372614085674285,1.1077638268470764,w04_predictions_history_2025.csv,2025-10-30 17:34:21.240134+00:00,LV,CHI,24.0,25.0,-1.0,0.0,1,0.2886498211358574,2.1077638268470764,2.1077638268470764,4.442668349765032,-0.7705929816788563,True,LV,CHI,,,,,,,,,,,,,,,,,,,,,,,,7.0,7.0,7.0,7.0,0.0,0.0,1,1,0,2456.036109562928,1526.109613435226,0.0,-2.0,2.0,0.0,1.0,0.0,0.0,0.0,0.0,,,,0.0,0.0,0.0,0.0,0.0,0.0,1.0,0.0,0.7705929816788563,0.0,0.0,0.0,0.0,0.0,0.0,0.0,0.0,4912.072219125856,0.0,0.0,1,0,1.0,1,0.8
2025,6,2025_06_ARI_IND,IND,ARI,0.5894981038546703,2.38347622653345,w06_predictions_history_2025.csv,2025-10-30 17:34:21.240134+00:00,IND,ARI,31.0,27.0,4.0,1.0,1,0.168511806738911,-1.61652377346655,1.6165237734665499,2.6131491101825333,-0.5284837755414022,False,IND,ARI,,,,,,,,,,,,,,,,,,,,,,,,7.0,7.0,7.0,7.0,0.0,0.0,1,1,1,2419.5321330861475,1503.4271010678726,0.0,2.0,2.0,1.0,0.0,0.0,0.0,0.0,0.0,,,,0.0,0.0,0.0,0.0,0.0,0.0,1.0,0.0,0.5284837755414022,0.0,0.0,0.0,0.0,0.0,0.0,0.0,0.0,4839.064266172295,0.0,0.0,1,0,0.990191476083314,1,0.8
2025,2,2025_02_SF_NO,NO,SF,0.5479095786809921,0.3626589119434357,w02_predictions_history_2025.csv,2025-10-30 17:34:21.240134+00:00,NO,SF,21.0,26.0,-5.0,0.0,1,0.3002049064103823,5.362658911943436,5.362658911943436,28.75811060584636,-0.7938730719907253,True,NO,SF,,,,,,,,,,,,,,,,,,,,,,,,7.0,7.0,7.0,7.0,0.0,1.0,1,1,0,3048.7351193187847,1894.3955898262325,0.0,2.0,2.0,1.0,0.0,0.0,0.0,0.0,0.0,,,,0.0,0.0,0.0,0.0,0.0,1.0,1.0,0.0,0.7938730719907253,0.0,0.0,0.0,0.0,0.0,0.0,0.0,0.0,6097.470238637569,0.0,0.0,1,0,1.0,1,0.8
2025,5,2025_05_TB_SEA,SEA,TB,0.582981851696968,1.6112066984176636,w05_predictions_history_2025.csv,2025-10-30 17:34:21.240134+00:00,SEA,TB,35.0,38.0,-3.0,0.0,1,0.3398678394080256,4.611206698417663,4.611206698417663,21.263227215531927,-0.8746255370199633,True,SEA,TB,,,,8.0,61.0,,,,,,,,,,,,,,,,,,,10.0,7.0,10.0,7.0,0.0,0.0,0,0,0,4059.6945744497543,2522.5764774204185,0.0,-3.0,3.0,0.0,1.0,0.0,0.0,0.0,0.0,,,,8.0,61.0,0.0,0.0,0.0,0.0,0.0,1.0,0.8746255370199633,1.0,8.0,0.0,0.0,0.0,0.0,3.0,3.0,12179.083723349264,0.0,0.0,1,0,1.0,1,0.8
2025,5,2025_05_NYG_NO,NO,NYG,0.5882610142230987,0.7546247720718384,w05_predictions_history_2025.csv,2025-10-30 17:34:21.240134+00:00,NO,NYG,26.0,14.0,12.0,1.0,1,0.1695289924085913,-11.24537522792816,11.245375227928161,126.45846401690034,-0.5305845278387766,False,NO,NYG,,,,,,,,,,,,,,,,,,,,,,,,7.0,7.0,7.0,7.0,0.0,0.0,1,1,0,1882.6121090417162,1169.8005688073602,0.0,-1.0,1.0,0.0,1.0,0.0,0.0,0.0,0.0,,,,0.0,0.0,0.0,0.0,0.0,0.0,1.0,0.0,0.5305845278387766,0.0,0.0,0.0,0.0,0.0,0.0,0.0,0.0,1882.6121090417162,0.0,0.0,1,0,1.0,1,0.8
2025,3,2025_03_ATL_CAR,CAR,ATL,0.5099388241767884,0.1406594514846801,w03_predictions_history_2025.csv,2025-10-30 17:34:21.240134+00:00,CAR,ATL,30.0,0.0,30.0,1.0,1,0.2401599560492287,-29.85934054851532,29.85934054851532,891.5802179922111,-0.673464513053186,False,CAR,ATL,,,,5.0,83.0,,,,,,,,,,,,,,,,,,,7.0,7.0,7.0,7.0,0.0,1.0,0,0,1,363.9477516045314,226.14657836225928,0.0,0.0,0.0,0.0,0.0,0.0,0.0,0.0,0.0,,,,5.0,83.0,0.0,0.0,0.0,1.0,1.0,0.0,0.673464513053186,23.0,115.0,0.0,0.0,0.0,0.0,0.0,0.0,0.0,0.0,0.0,1,0,0.7722141909631576,0,0.8
2025,3,2025_03_CIN_MIN,MIN,CIN,0.5794588714838028,2.185545647144318,w03_predictions_history_2025.csv,2025-10-30 17:34:21.240134+00:00,MIN,CIN,48.0,10.0,38.0,1.0,1,0.1768548407736766,-35.814454352855684,35.814454352855684,1282.6751405927837,-0.5456605911389335,False,MIN,CIN,,,,,,,,,,,,,,,,,,,,,,,,7.0,7.0,7.0,7.0,0.0,0.0,1,1,0,972.9954841874447,604.5911770050367,0.0,-1.0,1.0,0.0,1.0,0.0,0.0,0.0,0.0,,,,0.0,0.0,0.0,0.0,0.0,0.0,1.0,0.0,0.5456605911389335,0.0,0.0,0.0,0.0,0.0,0.0,0.0,0.0,972.9954841874447,0.0,0.0,1,0,1.0,1,0.8
2025,3,2025_03_DAL_CHI,CHI,DAL,0.5655334681272507,1.2686676859855652,w03_predictions_history_2025.csv,2025-10-30 17:34:21.240134+00:00,CHI,DAL,31.0,14.0,17.0,1.0,1,0.1887611673175347,-15.731332314014434,15.731332314014434,247.47481637395472,-0.5699858019283253,False,CHI,DAL,,,,4.0,82.0,,,,,,,,,,,,,,,,,,,7.0,7.0,7.0,7.0,0.0,0.0,0,0,0,1313.516396853622,816.1809970293319,0.0,0.0,0.0,0.0,0.0,0.0,0.0,0.0,0.0,,,,4.0,82.0,0.0,0.0,0.0,0.0,0.0,1.0,0.5699858019283253,22.0,88.0,0.0,0.0,0.0,0.0,0.0,0.0,0.0,0.0,0.0,1,0,1.0,1,0.8
2025,3,2025_03_DEN_LAC,LAC,DEN,0.5399815171957016,1.4068173050880433,w03_predictions_history_2025.csv,2025-10-30 17:34:21.240134+00:00,LAC,DEN,23.0,20.0,3.0,1.0,1,0.2116170045215685,-1.5931826949119567,1.5931826949119567,2.538231099366925,-0.6162203674249557,False,LAC,DEN,,,,,,,,,,,,,,,,,,,,,,,,6.0,7.0,6.0,7.0,0.0,1.0,1,1,0,1346.7017716684152,836.8014265633748,0.0,-1.0,1.0,0.0,1.0,0.0,0.0,0.0,0.0,,,,0.0,0.0,0.0,0.0,1.0,1.0,1.0,0.0,0.6162203674249557,0.0,0.0,0.0,0.0,0.0,0.0,-1.0,-1.0,1346.7017716684152,0.0,0.0,1,0,1.0,1,0.8
2025,3,2025_03_GB_CLE,CLE,GB,0.4670805796980858,-0.2440592348575592,w03_predictions_history_2025.csv,2025-10-30 17:34:21.240134+00:00,CLE,GB,13.0,10.0,3.0,1.0,0,0.2840031085349283,-3.244059234857559,3.244059234857559,10.523920319264612,-0.7612534886644788,True,CLE,GB,,,,10.0,79.0,,,,,,,,,,,,,,,,,,,7.0,10.0,7.0,10.0,0.0,0.0,0,0,0,615.0441046094869,382.17057032530147,0.0,1.0,1.0,1.0,0.0,0.0,0.0,0.0,0.0,,,,10.0,79.0,0.0,0.0,0.0,0.0,0.0,1.0,0.7612534886644788,19.0,190.0,0.0,0.0,0.0,0.0,-3.0,-3.0,615.0441046094869,0.0,0.0,1,0,1.0,1,0.8
2025,3,2025_03_HOU_JAX,JAX,HOU,0.5489539355039597,1.979468214511872,w03_predictions_history_2025.csv,2025-10-30 17:34:21.240134+00:00,JAX,HOU,17.0,10.0,7.0,1.0,1,0.2034425522973661,-5.020531785488128,5.020531785488128,25.20573940909661,-0.5997407471787932,False,JAX,HOU,,,,11.0,85.0,,,,,,,,,,,,,,,,,,,7.0,6.0,7.0,6.0,0.0,0.0,0,0,1,1327.3673175220954,824.787557456022,0.0,1.0,1.0,1.0,0.0,0.0,0.0,0.0,0.0,,,,11.0,85.0,0.0,0.0,1.0,0.0,1.0,0.0,0.5997407471787932,25.0,275.0,0.0,0.0,0.0,0.0,1.0,1.0,1327.3673175220954,0.0,1327.3673175220954,1,0,0.6068870005824941,0,0.8
2025,3,2025_03_IND_TEN,TEN,IND,0.5294442772865295,-3.080018281936645,w03_predictions_history_2025.csv,2025-10-30 17:34:21.240134+00:00,TEN,IND,20.0,41.0,-21.0,0.0,1,0.2803112427514556,17.919981718063354,17.919981718063354,321.12574477572485,-0.7538408939970265,True,TEN,IND,,,,8.0,84.0,,,,,,,,,,,,,,,,,,,7.0,7.0,7.0,7.0,0.0,0.0,0,0,1,403.11912155342907,250.48653167877578,0.0,-1.0,1.0,0.0,1.0,0.0,0.0,0.0,0.0,,,,8.0,84.0,0.0,0.0,0.0,0.0,1.0,0.0,0.7538408939970265,24.0,192.0,0.0,0.0,0.0,0.0,0.0,0.0,403.11912155342907,0.0,0.0,0,1,3.945972870417475e-15,0,0.8
2025,3,2025_03_KC_NYG,NYG,KC,0.4811409249901771,-0.8953017294406892,w03_predictions_history_2025.csv,2025-10-30 17:34:21.240134+00:00,NYG,KC,9.0,22.0,-13.0,0.0,0,0.2314965897004032,12.104698270559313,12.104698270559311,146.52372022128156,-0.6561229644606558,False,NYG,KC,,,,5.0,65.0,,,,,,,,,,,,,,,,,,,7.0,7.0,7.0,7.0,0.0,0.0,0,0,0,1747.2670645640812,1085.7010831752477,0.0,1.0,1.0,1.0,0.0,0.0,0.0,0.0,0.0,,,,5.0,65.0,0.0,0.0,0.0,0.0,0.0,1.0,0.6561229644606558,5.0,25.0,0.0,0.0,0.0,0.0,0.0,0.0,1747.2670645640812,0.0,0.0,1,0,1.0,1,0.8
2025,3,2025_03_LA_PHI,PHI,LA,0.602542582154274,0.8063104689121247,w03_predictions_history_2025.csv,2025-10-30 17:34:21.240134+00:00,PHI,LA,33.0,26.0,7.0,1.0,1,0.157972399000592,-6.193689531087875,6.193689531087875,38.36179000750754,-0.5065969403400132,False,PHI,LA,,,,9.0,73.0,,,,,,,,,,,,,,,,,,,7.0,7.0,7.0,7.0,0.0,1.0,0,0,1,0.0,0.0,0.0,0.0,0.0,0.0,0.0,0.0,0.0,0.0,0.0,,,,9.0,73.0,0.0,0.0,0.0,1.0,1.0,0.0,0.5065969403400132,13.0,117.0,0.0,0.0,0.0,0.0,0.0,0.0,0.0,0.0,0.0,1,0,0.9225347862117207,1,0.8
2025,3,2025_03_LV_WAS,WAS,LV,0.5847351670265197,1.6445457696914674,w03_predictions_history_2025.csv,2025-10-30 17:34:21.240134+00:00,WAS,LV,41.0,24.0,17.0,1.0,1,0.1724448815044924,-15.355454230308531,15.355454230308533,235.78997461910024,-0.5365962401901234,False,WAS,LV,,,,6.0,72.0,,,,,,,,,,,,,,,,,,,10.0,6.0,10.0,6.0,0.0,0.0,0,0,1,3370.0424260457266,2094.046632314459,0.0,3.0,3.0,1.0,0.0,0.0,0.0,0.0,0.0,,,,6.0,72.0,0.0,0.0,1.0,0.0,1.0,0.0,0.5365962401901234,12.0,72.0,0.0,0.0,0.0,0.0,4.0,4.0,10110.12727813718,0.0,3370.0424260457266,1,0,0.9906878678441877,1,0.8
2025,3,2025_03_MIA_BUF,BUF,MIA,0.5956831306219101,2.7890996217727664,w03_predictions_history_2025.csv,2025-10-30 17:34:21.240134+00:00,BUF,MIA,31.0,21.0,10.0,1.0,1,0.1634721308636993,-7.210900378227233,7.210900378227233,51.99708426471766,-0.5180464133284468,False,BUF,MIA,,,,7.0,68.0,,,,,,,,,,,,,,,,,,,4.0,4.0,4.0,4.0,0.0,0.0,0,0,0,1874.493622740377,1164.7559768558108,0.0,0.0,0.0,0.0,0.0,0.0,0.0,0.0,0.0,,,,7.0,68.0,0.0,0.0,1.0,0.0,0.0,1.0,0.5180464133284468,8.0,56.0,0.0,0.0,0.0,0.0,0.0,0.0,0.0,0.0,5623.4808682211315,1,0,1.0,1,0.8
2025,3,2025_03_NO_SEA,SEA,NO,0.6333966851234436,4.354877471923828,w03_predictions_history_2025.csv,2025-10-30 17:34:21.240134+00:00,SEA,NO,44.0,13.0,31.0,1.0,1,0.1343979904784795,-26.64512252807617,26.645122528076172,709.9625545361923,-0.4566583783560166,False,SEA,NO,,,,3.0,63.0,,,,,,,,,,,,,,,,,,,7.0,7.0,7.0,7.0,0.0,0.0,0,0,1,3376.576967835025,2098.107007080617,0.0,-2.0,2.0,0.0,1.0,0.0,0.0,0.0,0.0,,,,3.0,63.0,0.0,0.0,0.0,0.0,1.0,0.0,0.4566583783560166,3.0,9.0,0.0,0.0,0.0,0.0,0.0,0.0,6753.15393567005,0.0,0.0,0,1,0.5604825812606158,0,0.8
2025,3,2025_03_NYJ_TB,TB,NYJ,0.5750467777252197,1.7573931574821473,w03_predictions_history_2025.csv,2025-10-30 17:34:21.240134+00:00,TB,NYJ,29.0,27.0,2.0,1.0,1,0.1805852411217188,-0.2426068425178527,0.2426068425178527,0.0588580800364821,-0.5533038889281275,False,TB,NYJ,,,,5.0,88.0,,,,,,,,,,,,,,,,,,,6.0,7.0,6.0,7.0,0.0,0.0,0,0,0,1621.5563482198602,1007.5880896497227,0.0,0.0,0.0,0.0,0.0,0.0,0.0,0.0,0.0,,,,5.0,88.0,0.0,0.0,1.0,0.0,0.0,1.0,0.5533038889281275,28.0,140.0,0.0,0.0,0.0,0.0,-1.0,-1.0,0.0,0.0,0.0,1,0,1.0,1,0.8
2025,5,2025_05_SF_LA,LA,SF,0.6012642949819564,0.6887149214744569,w05_predictions_history_2025.csv,2025-10-30 17:34:21.240134+00:00,LA,SF,23.0,26.0,-3.0,0.0,1,0.3615187524201491,3.688714921474457,3.688714921474457,13.606617771908308,-0.9194564750102212,True,LA,SF,,,,,,,,,,,,,,,,,,,,,,,,4.0,4.0,4.0,4.0,0.0,0.0,1,1,0,0.0,0.0,,0.0,0.0,0.0,0.0,0.0,0.0,0.0,0.0,,,,0.0,0.0,0.0,0.0,1.0,0.0,1.0,0.0,0.9194564750102211,0.0,0.0,0.0,0.0,0.0,0.0,0.0,0.0,0.0,0.0,0.0,1,0,1.0,1,0.8
2025,2,2025_02_TB_HOU,HOU,TB,0.5859391450881958,0.6298147678375244,w02_predictions_history_2025.csv,2025-10-30 17:34:21.240134+00:00,HOU,TB,19.0,20.0,-1.0,0.0,1,0.3433246817466857,1.6298147678375243,1.6298147678375243,2.656296177461283,-0.8817423234185777,True,HOU,TB,,,,,,,,,,,,,,,,,,,,,,,,8.0,8.0,8.0,8.0,0.0,1.0,1,1,0,1270.9048620766243,789.7034250534142,0.0,-1.0,1.0,0.0,1.0,0.0,0.0,0.0,0.0,,,,0.0,0.0,0.0,0.0,0.0,1.0,1.0,0.0,0.8817423234185777,0.0,0.0,0.0,0.0,0.0,0.0,0.0,0.0,1270.9048620766243,0.0,0.0,1,0,1.0,1,0.8
2025,3,2025_03_PIT_NE,NE,PIT,0.5117492467164994,1.499313807487488,w03_predictions_history_2025.csv,2025-10-30 17:34:21.240134+00:00,NE,PIT,14.0,21.0,-7.0,0.0,1,0.2618872915149045,8.499313807487487,8.499313807487487,72.23833519814745,-0.7169261664031888,True,NE,PIT,,,,5.0,66.0,,,,,,,,,,,,,,,,,,,7.0,7.0,7.0,7.0,0.0,0.0,0,0,0,753.5408308481846,468.2284196049673,0.0,0.0,0.0,0.0,0.0,0.0,0.0,0.0,0.0,,,,5.0,66.0,0.0,0.0,0.0,0.0,0.0,1.0,0.7169261664031888,6.0,30.0,0.0,0.0,0.0,0.0,0.0,0.0,0.0,0.0,0.0,1,0,1.0,1,0.8
2025,2,2025_02_NE_MIA,MIA,NE,0.5711689889431,0.4750886499881744,w02_predictions_history_2025.csv,2025-10-30 17:34:21.240134+00:00,MIA,NE,27.0,33.0,-6.0,0.0,1,0.326234013930283,6.475088649988175,6.475088649988175,41.92677302520568,-0.8466923512787501,True,MIA,NE,,,,4.0,89.0,,,,,,,,,,,,,,,,,,,7.0,7.0,7.0,7.0,0.0,0.0,0,0,0,1972.5474708363204,1225.6837945010352,0.0,0.0,0.0,0.0,0.0,0.0,0.0,0.0,0.0,,,,4.0,89.0,0.0,0.0,0.0,0.0,0.0,1.0,0.8466923512787501,29.0,116.0,0.0,0.0,0.0,0.0,0.0,0.0,0.0,0.0,0.0,1,0,1.0,1,0.8
2025,5,2025_05_NE_BUF,BUF,NE,0.5453397154808044,1.3594179272651674,w05_predictions_history_2025.csv,2025-10-30 17:34:21.240134+00:00,BUF,NE,20.0,23.0,-3.0,0.0,1,0.2973954052806847,4.359417927265167,4.359417927265167,19.00452466456093,-0.7882047663266,True,BUF,NE,,,,3.0,66.0,,,,,,,,,,,,,,,,,,,7.0,7.0,7.0,7.0,0.0,0.0,0,0,0,621.8117441942087,386.37578530169964,0.0,0.0,0.0,0.0,0.0,0.0,0.0,0.0,0.0,,,,3.0,66.0,0.0,0.0,0.0,0.0,0.0,1.0,0.7882047663266,6.0,18.0,0.0,0.0,0.0,0.0,0.0,0.0,0.0,0.0,0.0,1,0,1.0,1,0.8
2025,5,2025_05_MIN_CLE,CLE,MIN,0.5224792420864105,1.8318551898002624,w05_predictions_history_2025.csv,2025-10-30 17:34:21.240134+00:00,CLE,MIN,17.0,21.0,-4.0,0.0,1,0.2729845584111899,5.831855189800263,5.831855189800263,34.01053495480026,-0.7391476479358907,True,CLE,MIN,,,,14.0,61.0,,,,,,,,,,,,,,,,,,,7.0,7.0,7.0,7.0,0.0,1.0,0,0,1,1011.5341830316587,628.5380068445648,0.0,1.0,1.0,1.0,0.0,0.0,0.0,0.0,0.0,,,,14.0,61.0,0.0,0.0,0.0,1.0,1.0,0.0,0.7391476479358907,1.0,14.0,0.0,0.0,0.0,0.0,0.0,0.0,1011.5341830316587,0.0,0.0,1,0,0.996314613612906,1,0.8
2025,5,2025_05_MIA_CAR,CAR,MIA,0.5235982567071915,1.024216240644455,w05_predictions_history_2025.csv,2025-10-30 17:34:21.240134+00:00,CAR,MIA,27.0,24.0,3.0,1.0,1,0.226958621012427,-1.975783759355545,1.975783759355545,3.90372146373313,-0.6470305743881618,False,CAR,MIA,,,,8.0,77.0,,,,,,,,,,,,,,,,,,,7.0,6.0,7.0,6.0,0.0,0.0,0,0,0,1032.1200129039848,641.329444538162,0.0,0.0,0.0,0.0,0.0,0.0,0.0,0.0,0.0,,,,8.0,77.0,0.0,0.0,1.0,0.0,0.0,1.0,0.6470305743881618,17.0,136.0,0.0,0.0,0.0,0.0,1.0,1.0,0.0,0.0,1032.1200129039848,1,0,1.0,1,0.8
2025,5,2025_05_LV_IND,IND,LV,0.639912486076355,3.2802531719207764,w05_predictions_history_2025.csv,2025-10-30 17:34:21.240134+00:00,IND,LV,40.0,6.0,34.0,1.0,1,0.1296630176837112,-30.719746828079224,30.719746828079224,943.7028451812836,-0.4464238524839501,False,IND,LV,,,,,,,,,,,,,,,,,,,,,,,,7.0,7.0,7.0,7.0,0.0,0.0,1,1,1,2566.2937413034447,1594.6205083274626,0.0,3.0,3.0,1.0,0.0,0.0,0.0,0.0,0.0,,,,0.0,0.0,0.0,0.0,0.0,0.0,1.0,0.0,0.44642385248395017,0.0,0.0,0.0,0.0,0.0,0.0,0.0,0.0,7698.881223910334,0.0,0.0,1,0,0.9778787935405223,1,0.8
2025,2,2025_02_WAS_GB,GB,WAS,0.6051990747451782,1.0213999569416048,w02_predictions_history_2025.csv,2025-10-30 17:34:21.240134+00:00,GB,WAS,27.0,18.0,9.0,1.0,1,0.1558677705820634,-7.978600043058395,7.978600043058395,63.65805864709142,-0.5021978259105156,False,GB,WAS,,,,7.0,65.0,,,,,,,,,,,,,,,,,,,4.0,4.0,4.0,4.0,0.0,0.0,0,0,0,1116.8989407477775,694.0086117113873,0.0,-1.0,1.0,0.0,1.0,0.0,0.0,0.0,0.0,,,,7.0,65.0,0.0,0.0,1.0,0.0,0.0,1.0,0.5021978259105156,5.0,35.0,0.0,0.0,0.0,0.0,0.0,0.0,1116.8989407477775,0.0,3350.6968222433325,1,0,1.0,1,0.8
2025,2,2025_02_BUF_NYJ,NYJ,BUF,0.498210982978344,-1.573089635372162,w02_predictions_history_2025.csv,2025-10-30 17:34:21.240134+00:00,NYJ,BUF,10.0,30.0,-20.0,0.0,0,0.2482141835602477,18.42691036462784,18.426910364627837,339.5510255860288,-0.6895755324522441,False,NYJ,BUF,,,,3.0,80.0,,,,,,,,,,,,,,,,,,,7.0,7.0,7.0,7.0,0.0,0.0,0,0,0,447.2561433688814,277.9119970612652,0.0,0.0,0.0,0.0,0.0,0.0,0.0,0.0,0.0,,,,3.0,80.0,0.0,0.0,0.0,0.0,0.0,1.0,0.6895755324522441,20.0,60.0,0.0,0.0,0.0,0.0,0.0,0.0,0.0,0.0,0.0,1,0,1.0,1,0.8
2025,2,2025_02_ATL_MIN,MIN,ATL,0.5706741243600846,0.5722324073314667,w02_predictions_history_2025.csv,2025-10-30 17:34:21.240134+00:00,MIN,ATL,6.0,22.0,-16.0,0.0,1,0.3256689562141492,16.572232407331466,16.572232407331466,274.6388869626073,-0.8455390315407387,True,MIN,ATL,,,,,,,,,,,,,,,,,,,,,,,,6.0,7.0,6.0,7.0,0.0,0.0,1,1,1,1459.4990087472638,906.8903585642961,0.0,-1.0,1.0,0.0,1.0,0.0,0.0,0.0,0.0,,,,0.0,0.0,0.0,0.0,1.0,0.0,1.0,0.0,0.8455390315407387,0.0,0.0,0.0,0.0,0.0,0.0,-1.0,-1.0,1459.4990087472638,0.0,0.0,1,0,1.0,1,0.8
2025,2,2025_02_CHI_DET,DET,CHI,0.5432751774787903,1.2943251490592955,w02_predictions_history_2025.csv,2025-10-30 17:34:21.240134+00:00,DET,CHI,52.0,21.0,31.0,1.0,1,0.2085975635070305,-29.705674850940703,29.705674850940703,882.4271183498109,-0.6101393148932368,False,DET,CHI,,,,,,,,,,,,,,,,,,,,,,,,7.0,6.0,7.0,6.0,0.0,0.0,1,1,0,380.8011147087137,236.61876944766817,0.0,1.0,1.0,1.0,0.0,0.0,0.0,0.0,0.0,,,,0.0,0.0,0.0,0.0,1.0,0.0,1.0,0.0,0.6101393148932368,0.0,0.0,0.0,0.0,0.0,0.0,1.0,1.0,380.8011147087137,0.0,380.8011147087137,1,0,1.0,1,0.8
2025,2,2025_02_CLE_BAL,BAL,CLE,0.605372604727745,2.627513098716736,w02_predictions_history_2025.csv,2025-10-30 17:34:21.240134+00:00,BAL,CLE,41.0,17.0,24.0,1.0,1,0.1557307810993645,-21.372486901283263,21.372486901283263,456.7831963455247,-0.5019111349417811,False,BAL,CLE,,,,3.0,82.0,,,,,,,,,,,,,,,,,,,7.0,7.0,7.0,7.0,0.0,0.0,0,0,0,496.0989291668332,308.26148771532434,0.0,0.0,0.0,0.0,0.0,0.0,0.0,0.0,0.0,,,,3.0,82.0,0.0,0.0,0.0,0.0,0.0,1.0,0.5019111349417811,22.0,66.0,0.0,0.0,0.0,0.0,0.0,0.0,0.0,0.0,0.0,1,0,1.0,1,0.8
2025,2,2025_02_DEN_IND,IND,DEN,0.5205305115279611,1.8670710161566089,w02_predictions_history_2025.csv,2025-10-30 17:34:21.240134+00:00,IND,DEN,29.0,28.0,1.0,1.0,1,0.2298909903756386,0.8670710161566089,0.8670710161566089,0.7518121470588542,-0.6529067729949165,False,IND,DEN,,,,,,,,,,,,,,,,,,,,,,,,7.0,7.0,7.0,7.0,0.0,0.0,1,1,0,1609.0032383129478,999.7879511937547,0.0,2.0,2.0,1.0,0.0,0.0,0.0,0.0,0.0,,,,0.0,0.0,0.0,0.0,0.0,0.0,1.0,0.0,0.6529067729949165,0.0,0.0,0.0,0.0,0.0,0.0,0.0,0.0,3218.0064766258956,0.0,0.0,1,0,0.9831799625832385,1,0.8
2025,2,2025_02_JAX_CIN,CIN,JAX,0.6120728611946106,0.7184066057205201,w02_predictions_history_2025.csv,2025-10-30 17:34:21.240134+00:00,CIN,JAX,31.0,27.0,4.0,1.0,1,0.1504874650217358,-3.28159339427948,3.28159339427948,10.76885520537872,-0.4909039493166447,False,CIN,JAX,,,,3.0,85.0,,,,,,,,,,,,,,,,,,,7.0,7.0,7.0,7.0,0.0,0.0,0,0,0,1010.0497990036748,627.6156536567124,0.0,0.0,0.0,0.0,0.0,0.0,0.0,0.0,0.0,,,,3.0,85.0,0.0,0.0,0.0,0.0,0.0,1.0,0.49090394931664477,25.0,75.0,0.0,0.0,0.0,0.0,0.0,0.0,0.0,0.0,0.0,1,0,1.0,1,0.8
2025,2,2025_02_LAC_LV,LV,LAC,0.5565343946218491,0.426247364282608,w02_predictions_history_2025.csv,2025-10-30 17:34:21.240134+00:00,LV,LAC,9.0,20.0,-11.0,0.0,1,0.309730532397108,11.426247364282608,11.426247364282608,130.55912882977523,-0.8131350329385139,True,LV,LAC,,,,,,,,,,,,,,,,,,,,,,,,8.0,10.0,8.0,10.0,0.0,0.0,1,1,1,372.8906400783848,231.70342991614606,0.0,0.0,0.0,0.0,0.0,0.0,0.0,0.0,0.0,,,,0.0,0.0,0.0,0.0,0.0,0.0,1.0,0.0,0.8131350329385139,0.0,0.0,0.0,0.0,0.0,0.0,-2.0,-2.0,0.0,0.0,0.0,1,0,1.0,1,0.8
2025,2,2025_02_LA_TEN,TEN,LA,0.5103502869606018,-1.2171136140823364,w02_predictions_history_2025.csv,2025-10-30 17:34:21.240134+00:00,TEN,LA,19.0,33.0,-14.0,0.0,1,0.2604574154007686,12.782886385917664,12.782886385917664,163.40218435527913,-0.7140650148679955,True,TEN,LA,,,,3.0,83.0,,,,,,,,,,,,,,,,,,,7.0,7.0,7.0,7.0,0.0,0.0,0,0,1,0.0,0.0,0.0,0.0,0.0,0.0,0.0,0.0,0.0,0.0,0.0,,,,3.0,83.0,0.0,0.0,0.0,0.0,1.0,0.0,0.7140650148679955,23.0,69.0,0.0,0.0,0.0,0.0,0.0,0.0,0.0,0.0,0.0,0,1,0.1,0,0.8
2025,2,2025_02_CAR_ARI,ARI,CAR,0.576683709025383,0.7809835195541383,w02_predictions_history_2025.csv,2025-10-30 17:34:21.240134+00:00,ARI,CAR,27.0,22.0,5.0,1.0,1,0.1791966822045066,-4.219016480445862,4.219016480445862,17.800100062273785,-0.5504613273719025,False,ARI,CAR,,,,,,,,,,,,,,,,,,,,,,,,7.0,7.0,7.0,7.0,0.0,1.0,1,1,0,2876.8455216494444,1787.588378632837,0.0,-2.0,2.0,0.0,1.0,0.0,0.0,0.0,0.0,,,,0.0,0.0,0.0,0.0,0.0,1.0,1.0,0.0,0.5504613273719025,0.0,0.0,0.0,0.0,0.0,0.0,0.0,0.0,5753.691043298889,0.0,0.0,1,0,1.0,1,0.8
2025,8,2025_08_TB_NO,NO,TB,0.5128852307796479,-0.6007605731487274,w08_predictions_history_2025.csv,2025-10-30 17:34:21.256448+00:00,NO,TB,3.0,23.0,-20.0,0.0,1,0.2630512599518926,19.399239426851278,19.399239426851274,376.33049034030097,-0.7192555179141484,True,NO,TB,32.77355179433468,76.84962025316463,76.84962025316463,,,,,,,,,,,,,,,,,,,,,7.0,6.0,7.0,6.0,0.0,1.0,1,1,0,769.0307632936804,477.85341441855746,0.0,-1.0,1.0,0.0,1.0,0.0,0.0,0.0,0.0,,,,32.77355179433468,76.84962025316463,0.0,0.0,1.0,1.0,1.0,0.0,0.7192555179141484,16.84962025316463,552.2219020819616,0.0,0.0,0.0,0.0,1.0,1.0,769.0307632936804,0.0,769.0307632936804,1,0,1.0,1,0.8
2025,8,2025_08_WAS_KC,KC,WAS,0.5669061332941056,1.4186321377754212,w08_predictions_history_2025.csv,2025-10-30 17:34:21.256448+00:00,KC,WAS,28.0,7.0,21.0,1.0,1,0.187570297378263,-19.581367862224575,19.581367862224578,383.4299673557616,-0.5675615387051023,False,KC,WAS,23.264137416000004,53.994999999999976,53.994999999999976,8.0,54.0,,,,,,,,,,,,,,,,,,,8.0,8.0,8.0,8.0,0.0,1.0,0,0,0,1520.7433051449807,944.9457882612418,0.0,-1.0,1.0,0.0,1.0,0.0,0.0,0.0,0.0,,,,23.264137416000004,53.994999999999976,0.0,0.0,0.0,1.0,0.0,1.0,0.5675615387051023,6.005000000000024,139.70114518308057,0.0,15.264137416000004,0.0,0.0,0.0,0.0,1520.7433051449807,0.0,0.0,1,0,1.0,1,0.8
2025,8,2025_08_TEN_IND,IND,TEN,0.6298362612724304,4.9034600257873535,w08_predictions_history_2025.csv,2025-10-30 17:34:21.256448+00:00,IND,TEN,38.0,14.0,24.0,1.0,1,0.1370211934687724,-19.096539974212646,19.096539974212646,364.6778389867016,-0.4622953961193035,False,IND,TEN,41.95081489457079,58.577692307692395,58.577692307692395,,,,,,,,,,,,,,,,,,,,,7.0,7.0,7.0,7.0,0.0,0.0,1,1,0,403.11912155342907,250.48653167877578,0.0,1.0,1.0,1.0,0.0,0.0,0.0,0.0,0.0,,,,41.95081489457079,58.577692307692395,0.0,0.0,0.0,0.0,1.0,0.0,0.46229539611930354,1.422307692307605,59.66696672312048,0.0,0.0,0.0,0.0,0.0,0.0,403.11912155342907,0.0,0.0,1,0,0.11587600405144496,0,0.8
2025,8,2025_08_SF_HOU,HOU,SF,0.5860597133636475,0.9175283014774324,w08_predictions_history_2025.csv,2025-10-30 17:34:21.256448+00:00,HOU,SF,26.0,15.0,11.0,1.0,1,0.1713465609005856,-10.082471698522568,10.082471698522568,101.65623555150856,-0.5343335946586054,False,HOU,SF,21.903047719546166,79.10923076923073,79.10923076923073,,,,,,,,,,,,,,,,,,,,,6.0,7.0,6.0,7.0,0.0,0.0,1,1,0,2596.218165420226,1613.2146776653312,0.0,2.0,2.0,1.0,0.0,0.0,0.0,0.0,0.0,,,,21.903047719546166,79.10923076923073,0.0,0.0,1.0,0.0,1.0,0.0,0.5343335946586054,19.109230769230734,418.55039342228065,0.0,0.0,0.0,0.0,-1.0,-1.0,5192.436330840452,0.0,0.0,1,0,0.869326106870043,1,0.8
2025,7,2025_07_WAS_DAL,DAL,WAS,0.5318151861429214,2.286276078224182,w07_predictions_history_2025.csv,2025-10-30 17:34:21.256448+00:00,DAL,WAS,44.0,22.0,22.0,1.0,1,0.2191970199263873,-19.713723921775816,19.713723921775816,388.63091086399606,-0.6314592444641222,False,DAL,WAS,,,,,,,,,,,,,,,,,,,,,,,,7.0,6.0,7.0,6.0,0.0,0.0,1,0,0,1943.0528737124052,1207.3567071915509,0.0,-1.0,1.0,0.0,1.0,0.0,0.0,0.0,0.0,,,,0.0,0.0,0.0,0.0,1.0,0.0,1.0,0.0,0.6314592444641222,0.0,0.0,0.0,0.0,0.0,0.0,1.0,1.0,1943.0528737124052,0.0,1943.0528737124052,1,0,1.0,1,0.8
2025,8,2025_08_NYG_PHI,PHI,NYG,0.5810564786195755,1.170773994922638,w08_predictions_history_2025.csv,2025-10-30 17:34:21.256448+00:00,PHI,NYG,38.0,20.0,18.0,1.0,1,0.1755136741066301,-16.829226005077363,16.829226005077363,283.22284792997215,-0.5429073175267334,False,PHI,NYG,19.23524308568771,58.088461538461594,58.088461538461594,4.0,60.0,,,,,,,,,,,,,,,,,,,7.0,7.0,7.0,7.0,0.0,1.0,0,0,0,137.4047976907053,85.37935654587125,0.0,0.0,0.0,0.0,0.0,0.0,0.0,0.0,0.0,,,,19.23524308568771,58.088461538461594,0.0,0.0,0.0,1.0,0.0,1.0,0.5429073175267334,1.911538461538406,36.76890697533275,0.0,15.23524308568771,0.0,0.0,0.0,0.0,0.0,0.0,0.0,1,0,1.0,1,0.8
2025,7,2025_07_ATL_SF,SF,ATL,0.5265508234500885,1.9616796135902408,w07_predictions_history_2025.csv,2025-10-30 17:34:21.256448+00:00,SF,ATL,20.0,10.0,10.0,1.0,1,0.2241541227757892,-8.03832038640976,8.03832038640976,64.61459463457075,-0.6414074212975028,False,SF,ATL,,,,5.0,74.0,,,,,,,,,,,,,,,,,,,7.0,6.0,7.0,6.0,0.0,0.0,0,0,1,3399.25991760229,2112.2015342604527,0.0,-3.0,3.0,0.0,1.0,0.0,0.0,0.0,0.0,,,,5.0,74.0,0.0,0.0,1.0,0.0,1.0,0.0,0.6414074212975028,14.0,70.0,0.0,0.0,0.0,0.0,1.0,1.0,10197.77975280687,0.0,3399.25991760229,1,0,1.0,1,0.8
2025,7,2025_07_CAR_NYJ,NYJ,CAR,0.5600186705589294,0.7657031774520875,w07_predictions_history_2025.csv,2025-10-30 17:34:21.256448+00:00,NYJ,CAR,6.0,13.0,-7.0,0.0,1,0.3136209113745907,7.765703177452087,7.765703177452087,60.30614584028944,-0.8210229860586151,True,NYJ,CAR,,,,13.0,71.0,,,,,,,,,,,,,,,,,,,7.0,7.0,7.0,7.0,0.0,0.0,0,0,0,858.9329492960039,533.7160256370073,0.0,0.0,0.0,0.0,0.0,0.0,0.0,0.0,0.0,,,,13.0,71.0,0.0,0.0,0.0,0.0,0.0,1.0,0.8210229860586151,11.0,143.0,0.0,0.0,0.0,0.0,0.0,0.0,0.0,0.0,0.0,1,0,1.0,1,0.8
2025,7,2025_07_GB_ARI,ARI,GB,0.4675974890589714,-0.3199680268764496,w07_predictions_history_2025.csv,2025-10-30 17:34:21.256448+00:00,ARI,GB,23.0,27.0,-4.0,0.0,0,0.2186474117742549,3.6800319731235502,3.6800319731235502,13.542635323211613,-0.6303554762044046,False,ARI,GB,,,,,,,,,,,,,,,,,,,,,,,,7.0,7.0,7.0,7.0,0.0,0.0,1,1,0,2407.2448612336416,1495.792146669609,0.0,-1.0,1.0,0.0,1.0,0.0,0.0,0.0,0.0,,,,0.0,0.0,0.0,0.0,0.0,0.0,1.0,0.0,0.6303554762044046,0.0,0.0,0.0,0.0,0.0,0.0,0.0,0.0,2407.2448612336416,0.0,0.0,1,0,1.0,1,0.8
2025,8,2025_08_NYJ_CIN,CIN,NYJ,0.6009571015834808,1.173948657512665,w08_predictions_history_2025.csv,2025-10-30 17:34:21.256448+00:00,CIN,NYJ,38.0,39.0,-1.0,0.0,1,0.3611494379436181,2.173948657512665,2.173948657512665,4.726052765501119,-0.9186863530432096,True,CIN,NYJ,17.111979069902613,55.38173913043477,55.38173913043477,8.0,57.0,,,,,,,,,,,,,,,,,,,10.0,7.0,10.0,7.0,0.0,0.0,0,0,0,909.6873162743019,565.2533174006793,0.0,0.0,0.0,0.0,0.0,0.0,0.0,0.0,0.0,,,,17.111979069902613,55.38173913043477,0.0,0.0,0.0,0.0,0.0,1.0,0.9186863530432097,4.618260869565233,79.02758333935051,0.0,9.111979069902613,0.0,0.0,3.0,3.0,0.0,0.0,0.0,1,0,1.0,1,0.8
2025,7,2025_07_IND_LAC,LAC,IND,0.5627172380685806,0.6504141449928285,w07_predictions_history_2025.csv,2025-10-30 17:34:21.256448+00:00,LAC,IND,24.0,38.0,-14.0,0.0,1,0.3166506900195316,14.650414144992828,14.650414144992828,214.63463461980592,-0.8271752406600974,True,LAC,IND,,,,,,,,,,,,,,,,,,,,,,,,7.0,7.0,7.0,7.0,0.0,0.0,1,1,1,2917.8899422753834,1813.0921913215973,0.0,-3.0,3.0,0.0,1.0,0.0,0.0,0.0,0.0,,,,0.0,0.0,0.0,0.0,0.0,0.0,1.0,0.0,0.8271752406600974,0.0,0.0,0.0,0.0,0.0,0.0,0.0,0.0,8753.66982682615,0.0,0.0,1,0,1.0,1,0.8
2025,7,2025_07_LA_JAX,JAX,LA,0.5390936434268951,0.4964643180370331,w07_predictions_history_2025.csv,2025-10-30 17:34:21.256448+00:00,JAX,LA,7.0,35.0,-28.0,0.0,1,0.2906219563832843,28.496464318037035,28.496464318037035,812.0484786291579,-0.7745603876972639,True,JAX,LA,,,,9.0,59.0,,,,,,,,,,,,,,,,,,,7.0,7.0,7.0,7.0,0.0,1.0,0,0,1,0.0,0.0,0.0,0.0,0.0,0.0,0.0,0.0,0.0,0.0,0.0,,,,9.0,59.0,0.0,0.0,0.0,1.0,1.0,0.0,0.7745603876972639,1.0,9.0,0.0,0.0,0.0,0.0,0.0,0.0,0.0,0.0,0.0,1,0,1.0,1,0.8
2025,7,2025_07_LV_KC,KC,LV,0.6386194825172424,3.550199031829834,w07_predictions_history_2025.csv,2025-10-30 17:34:21.256448+00:00,KC,LV,31.0,0.0,31.0,1.0,1,0.1305958784161056,-27.44980096817017,27.449800968170166,753.4915731921558,-0.4484464909970074,False,KC,LV,,,,9.0,57.0,,,,,,,,,,,,,,,,,,,7.0,7.0,7.0,7.0,0.0,0.0,0,0,1,1849.495136728068,1149.2226426038565,0.0,2.0,2.0,1.0,0.0,0.0,0.0,0.0,0.0,,,,9.0,57.0,0.0,0.0,0.0,0.0,1.0,0.0,0.4484464909970074,3.0,27.0,0.0,0.0,0.0,0.0,0.0,0.0,3698.990273456136,0.0,0.0,0,1,0.2000000000000001,0,0.8
2025,7,2025_07_MIA_CLE,CLE,MIA,0.5794989317655563,2.3711097240448,w07_predictions_history_2025.csv,2025-10-30 17:34:21.256448+00:00,CLE,MIA,31.0,6.0,25.0,1.0,1,0.1768211483863082,-22.6288902759552,22.6288902759552,512.0666751212198,-0.5455914595766675,False,CLE,MIA,,,,17.0,65.0,,,,,,,,,,,,,,,,,,,7.0,7.0,7.0,7.0,0.0,0.0,0,0,0,1734.0620824909877,1077.4958902595074,0.0,0.0,0.0,0.0,0.0,0.0,0.0,0.0,0.0,,,,17.0,65.0,0.0,0.0,0.0,0.0,0.0,1.0,0.5455914595766675,5.0,85.0,0.0,0.0,0.0,0.0,0.0,0.0,0.0,0.0,0.0,1,0,1.0,1,0.8
2025,7,2025_07_NE_TEN,TEN,NE,0.4950117200613022,-1.672966539859772,w07_predictions_history_2025.csv,2025-10-30 17:34:21.256448+00:00,TEN,NE,13.0,31.0,-18.0,0.0,0,0.245036602998049,16.32703346014023,16.32703346014023,266.5720216085386,-0.6832200580182707,False,TEN,NE,,,,18.0,60.0,,,,,,,,,,,,,,,,,,,7.0,7.0,7.0,7.0,0.0,1.0,0,0,0,1487.949277412046,924.5685304548005,0.0,-1.0,1.0,0.0,1.0,0.0,0.0,0.0,0.0,,,,18.0,60.0,0.0,0.0,0.0,1.0,0.0,1.0,0.6832200580182707,0.0,0.0,0.0,0.0,0.0,0.0,0.0,0.0,1487.949277412046,0.0,0.0,1,0,1.0,1,0.8
2025,7,2025_07_NO_CHI,CHI,NO,0.6075179219245911,2.1778191924095154,w07_predictions_history_2025.csv,2025-10-30 17:34:21.256448+00:00,CHI,NO,26.0,14.0,12.0,1.0,1,0.1540421816103913,-9.822180807590485,9.822180807590485,96.47523581699886,-0.4983736030921447,False,CHI,NO,,,,8.0,49.0,,,,,,,,,,,,,,,,,,,6.0,7.0,6.0,7.0,0.0,0.0,0,0,1,1342.7832370077824,834.3665627627628,0.0,0.0,0.0,0.0,0.0,0.0,0.0,0.0,0.0,,,,8.0,49.0,0.0,0.0,1.0,0.0,1.0,0.0,0.49837360309214473,11.0,88.0,0.0,0.0,0.0,0.0,-1.0,-1.0,0.0,0.0,0.0,1,0,0.9980320728749386,1,0.8
2025,7,2025_07_HOU_SEA,SEA,HOU,0.5482262641191482,1.861673152446747,w07_predictions_history_2025.csv,2025-10-30 17:34:21.256448+00:00,SEA,HOU,27.0,19.0,8.0,1.0,1,0.2040995084317416,-6.1383268475532535,6.1383268475532535,37.67905648739306,-0.6010671865216699,False,SEA,HOU,0.0,53.69,53.69,5.0,56.0,,,,,,,,,,,,,,,,,,,8.0,15.0,8.0,15.0,0.0,1.0,0,0,1,3043.4984749233035,1891.1416908615681,0.0,-2.0,2.0,0.0,1.0,0.0,0.0,0.0,0.0,,,,0.0,53.69,0.0,0.0,0.0,1.0,1.0,0.0,0.6010671865216699,6.310000000000002,0.0,0.0,-5.0,0.0,0.0,-7.0,-7.0,6086.996949846607,0.0,0.0,1,0,1.0,1,0.8
2025,7,2025_07_PHI_MIN,MIN,PHI,0.531324428319931,1.4225118875503542,w07_predictions_history_2025.csv,2025-10-30 17:34:21.256448+00:00,MIN,PHI,22.0,28.0,-6.0,0.0,1,0.2823056481295015,7.422511887550354,7.422511887550354,55.09368272082632,-0.757844494720314,True,MIN,PHI,,,,,,,,,,,,,,,,,,,,,,,,14.0,10.0,14.0,10.0,0.0,1.0,1,1,0,1584.0258129378303,984.2677034109926,0.0,-1.0,1.0,0.0,1.0,0.0,0.0,0.0,0.0,,,,0.0,0.0,0.0,0.0,0.0,1.0,1.0,0.0,0.757844494720314,0.0,0.0,0.0,0.0,0.0,0.0,4.0,4.0,1584.0258129378303,0.0,0.0,1,0,1.0,1,0.8
2025,7,2025_07_NYG_DEN,DEN,NYG,0.5811583727598191,1.1232731223106385,w07_predictions_history_2025.csv,2025-10-30 17:34:21.256448+00:00,DEN,NYG,33.0,32.0,1.0,1.0,1,0.1754283087092026,0.1232731223106384,0.12327312231063847,0.0151962626842136,-0.5427319727694647,False,DEN,NYG,,,,3.0,72.0,,,,,,,,,,,,,,,,,,,7.0,10.0,7.0,10.0,0.0,0.0,0,0,0,2614.2122323376557,1624.3956690198816,0.0,-2.0,2.0,0.0,1.0,0.0,0.0,0.0,0.0,,,,3.0,72.0,0.0,0.0,0.0,0.0,0.0,1.0,0.5427319727694647,12.0,36.0,0.0,0.0,0.0,0.0,-3.0,-3.0,5228.424464675311,0.0,0.0,1,0,1.0,1,0.8
2025,8,2025_08_MIN_LAC,LAC,MIN,0.5248792946338654,2.126336944103241,w08_predictions_history_2025.csv,2025-10-30 17:34:21.256448+00:00,LAC,MIN,37.0,10.0,27.0,1.0,1,0.2257396846676133,-24.87366305589676,24.87366305589676,618.6991138182833,-0.6445869578081285,False,LAC,MIN,21.208220893467693,66.90153846153846,66.90153846153846,,,,,,,,,,,,,,,,,,,,,4.0,4.0,4.0,4.0,0.0,0.0,1,1,1,2462.372304372736,1530.0467411403913,0.0,-2.0,2.0,0.0,1.0,0.0,0.0,0.0,0.0,,,,21.208220893467693,66.90153846153846,0.0,0.0,1.0,0.0,1.0,0.0,0.6445869578081285,6.901538461538465,146.36935219707095,0.0,0.0,0.0,0.0,0.0,0.0,4924.744608745472,0.0,7387.116913118208,1,0,1.0,1,0.8
2025,8,2025_08_GB_PIT,PIT,GB,0.5438281178474427,0.4602746069431305,w08_predictions_history_2025.csv,2025-10-30 17:34:21.256448+00:00,PIT,GB,25.0,35.0,-10.0,0.0,1,0.295749021761492,10.46027460694313,10.46027460694313,109.41734485265928,-0.7848856059446482,True,PIT,GB,15.489253272893695,50.690000000000026,50.690000000000026,5.0,46.0,,,,,,,,,,,,,,,,,,,10.0,7.0,10.0,7.0,0.0,1.0,0,0,0,798.622684529547,496.24097610880915,0.0,1.0,1.0,1.0,0.0,0.0,0.0,0.0,0.0,,,,15.489253272893695,50.690000000000026,0.0,0.0,0.0,1.0,0.0,1.0,0.7848856059446482,9.309999999999974,144.2049479706399,0.0,10.489253272893695,0.0,0.0,3.0,3.0,798.622684529547,0.0,0.0,1,0,1.0,1,0.8
2025,8,2025_08_DAL_DEN,DEN,DAL,0.6077573537826538,1.4403799533843995,w08_predictions_history_2025.csv,2025-10-30 17:34:21.256448+00:00,DEN,DAL,44.0,24.0,20.0,1.0,1,0.1538542935115862,-18.5596200466156,18.5596200466156,344.4594962747356,-0.4979795658465151,False,DEN,DAL,18.19971365544,57.56,57.56,4.0,67.0,,,,,,,,,,,,,,,,,,,7.0,7.0,7.0,7.0,0.0,0.0,0,0,0,1052.8548106079606,654.2134465222791,0.0,-1.0,1.0,0.0,1.0,0.0,0.0,0.0,0.0,,,,18.19971365544,57.56,0.0,0.0,0.0,0.0,0.0,1.0,0.49797956584651515,2.4399999999999977,44.40730131927356,0.0,14.19971365544,0.0,0.0,0.0,0.0,1052.8548106079606,0.0,0.0,1,0,1.0,1,0.8
2025,8,2025_08_MIA_ATL,ATL,MIA,0.5490192174911499,1.090531611442566,w08_predictions_history_2025.csv,2025-10-30 17:34:21.256448+00:00,ATL,MIA,10.0,34.0,-24.0,0.0,1,0.3014221011745945,25.090531611442564,25.090531611442564,629.5347765447987,-0.7963305512324483,True,ATL,MIA,29.81586234932417,54.497692307692255,54.497692307692255,,,,,,,,,,,,,,,,,,,,,7.0,7.0,7.0,7.0,0.0,1.0,1,1,0,955.1222862253192,593.4852901141128,0.0,0.0,0.0,0.0,0.0,0.0,0.0,0.0,0.0,,,,29.81586234932417,54.497692307692255,0.0,0.0,0.0,1.0,1.0,0.0,0.7963305512324483,5.502307692307745,164.05604875747528,0.0,0.0,0.0,0.0,0.0,0.0,0.0,0.0,0.0,1,0,1.0,1,0.8
2025,8,2025_08_CHI_BAL,BAL,CHI,0.5629461318254471,1.3798071026802063,w08_predictions_history_2025.csv,2025-10-30 17:34:21.256448+00:00,BAL,CHI,30.0,16.0,14.0,1.0,1,0.1910160836863395,-12.620192897319791,12.620192897319793,159.26926876556095,-0.5745713360143593,False,BAL,CHI,,56.150000000000006,56.150000000000006,2.0,60.0,,,,,,,,,,,,,,,,,,,14.0,7.0,14.0,7.0,0.0,0.0,0,0,0,971.2347334786461,603.4970975763598,0.0,1.0,1.0,1.0,0.0,0.0,0.0,0.0,0.0,,,,2.0,56.150000000000006,0.0,0.0,0.0,0.0,0.0,1.0,0.5745713360143593,3.8499999999999943,7.699999999999989,0.0,0.0,0.0,0.0,7.0,7.0,971.2347334786461,0.0,0.0,1,0,1.0,1,0.8
2025,8,2025_08_BUF_CAR,CAR,BUF,0.4634346485137939,-2.0225206255912784,w08_predictions_history_2025.csv,2025-10-30 17:34:21.256448+00:00,CAR,BUF,9.0,40.0,-31.0,0.0,0,0.2147716734431037,28.977479374408723,28.977479374408723,839.6943108942829,-0.6225669135446152,False,CAR,BUF,26.9929381394077,61.96307692307684,61.96307692307684,9.0,63.0,,,,,,,,,,,,,,,,,,,7.0,13.0,7.0,13.0,0.0,1.0,0,0,0,858.0699051228346,533.1797550160809,0.0,0.0,0.0,0.0,0.0,0.0,0.0,0.0,0.0,,,,26.9929381394077,61.96307692307684,0.0,0.0,0.0,1.0,0.0,1.0,0.6225669135446152,1.9630769230768408,52.98921394751197,0.0,17.9929381394077,0.0,0.0,-6.0,-6.0,0.0,0.0,0.0,1,0,1.0,1,0.8
2025,7,2025_07_TB_DET,DET,TB,0.573808279633522,0.8970129132270813,w07_predictions_history_2025.csv,2025-10-30 17:34:21.256448+00:00,DET,TB,24.0,9.0,15.0,1.0,1,0.1816393825089381,-14.102987086772918,14.102987086772918,198.8942447696837,-0.5554599460626398,False,DET,TB,,,,,,,,,,,,,,,,,,,,,,,,8.0,8.0,8.0,8.0,0.0,0.0,1,1,0,1597.9543819001638,992.9225122356867,0.0,0.0,0.0,0.0,0.0,0.0,0.0,0.0,0.0,,,,0.0,0.0,0.0,0.0,0.0,0.0,1.0,0.0,0.5554599460626398,0.0,0.0,0.0,0.0,0.0,0.0,0.0,0.0,0.0,0.0,0.0,1,0,1.0,1,0.8
2025,7,2025_07_PIT_CIN,CIN,PIT,0.4922157719731331,0.1089809477329254,w07_predictions_history_2025.csv,2025-10-30 17:34:21.256448+00:00,CIN,PIT,33.0,31.0,2.0,1.0,0,0.2578448222328412,-1.891019052267075,1.8910190522670747,3.5759530560370654,-0.7088380977085597,True,CIN,PIT,,,,5.0,60.0,,,,,,,,,,,,,,,,,,,4.0,4.0,4.0,4.0,0.0,0.0,0,0,0,412.86006782260256,256.5392732029984,0.0,0.0,0.0,0.0,0.0,0.0,0.0,0.0,0.0,,,,5.0,60.0,0.0,0.0,1.0,0.0,0.0,1.0,0.7088380977085597,0.0,0.0,0.0,0.0,0.0,0.0,0.0,0.0,0.0,0.0,1238.5802034678077,1,0,1.0,1,0.8
2025,8,2025_08_CLE_NE,NE,CLE,0.5816180974245071,2.8482251882553102,w08_predictions_history_2025.csv,2025-10-30 17:34:21.256448+00:00,NE,CLE,32.0,13.0,19.0,1.0,1,0.1750434164026892,-16.15177481174469,16.15177481174469,260.87982956931023,-0.5419412366298364,False,NE,CLE,10.166599651384107,44.22783783783785,44.22783783783785,7.0,53.0,,,,,,,,,,,,,,,,,,,7.0,7.0,7.0,7.0,0.0,0.0,0,0,0,866.9242944986172,538.6816157969002,0.0,0.0,0.0,0.0,0.0,0.0,0.0,0.0,0.0,,,,10.166599651384107,44.22783783783785,0.0,0.0,0.0,0.0,0.0,1.0,0.5419412366298364,15.772162162162147,160.34925833941128,0.0,3.1665996513841073,0.0,0.0,0.0,0.0,0.0,0.0,0.0,1,0,1.0,1,0.8
